season,game_id,game_number,play_seq_num,narrative_formatted,start_time,end_time,set_number,set_status_lk,rally_number,play_code,play_text,player_id,serve_ace,serve_error,serve_continue,attack_kill,attack_error,attack_continue,pass_good,pass_error,pass_continue,dig_dig,dig_continue,block_continue,block_stuff,set_assist,set_error,set_continue,home_team_id,home_team_score,away_team_id,away_team_Score,scoring_team_id
2023,484,1,4,"[Team Orange] Kill by Brooke Nuneviller, Assist from Natalia Valentin- Anderson",-1.0,-1.0,1,IN PROGRESS,2,Attack,Play 4 - 769 - Attack - Kill - 6520927273aa4d08083092da,769,False,False,False,True,False,False,False,False,False,False,False,False,False,False,False,False,384,1,385,0,384
2023,484,1,8,"[Team Blue] Kill by Claire Chaussee, Assist from Nootsara Tomkom",-1.0,-1.0,1,IN PROGRESS,3,Attack,Play 8 - 760 - Attack - Kill - 6520929073aa4d08083092df,760,False,False,False,True,False,False,False,False,False,False,False,False,False,False,False,False,384,1,385,1,385
2023,484,1,9,[Team Blue] Service Error by Claire Chaussee,-1.0,-1.0,1,IN PROGRESS,4,Serve,Play 9 - 760 - Serve - Error - 652092a373aa4d08083092e1,760,False,True,False,False,False,False,False,False,False,False,False,False,False,False,False,False,384,2,385,1,384
2023,484,1,19,"[Team Orange] Kill by Katie Lukes, Assist from Amanda Benson",-1.0,-1.0,1,IN PROGRESS,5,Attack,Play 19 - 755 - Attack - Kill - 652092c773aa4d08083092ea,755,False,False,False,True,False,False,False,False,False,False,False,False,False,False,False,False,384,3,385,1,384
2023,484,1,27,"[Team Orange] Kill by Saskia Hippe, Assist from Natalia Valentin- Anderson",-1.0,-1.0,1,IN PROGRESS,6,Attack,Play 27 - 822 - Attack - Kill - 652092e173aa4d08083092f3,822,False,False,False,True,False,False,False,False,False,False,False,False,False,False,False,False,384,4,385,1,384
2023,484,1,31,[Team Orange] Kill by Tori Dixon,-1.0,-1.0,1,IN PROGRESS,7,Attack,Play 31 - 145 - Attack - Kill - 652092f673aa4d0808309310,145,False,False,False,True,False,False,False,False,False,False,False,False,False,False,False,False,384,5,385,1,384
2023,484,1,35,"[Team Blue] Kill by Ali Bastianelli, Assist from Nootsara Tomkom",-1.0,-1.0,1,IN PROGRESS,8,Attack,Play 35 - 121 - Attack - Kill - 6520930b73aa4d0808309315,121,False,False,False,True,False,False,False,False,False,False,False,False,False,False,False,False,384,5,385,2,385
2023,484,1,39,[Team Orange] Attack Error by Katie Lukes,-1.0,-1.0,1,IN PROGRESS,9,Attack,Play 39 - 755 - Attack - Error - 6520932a73aa4d080830931a,755,False,False,False,False,True,False,False,False,False,False,False,False,False,False,False,False,384,5,385,3,385
2023,484,1,43,"[Team Orange] Kill by Katie Lukes, Assist from Natalia Valentin- Anderson",-1.0,-1.0,1,IN PROGRESS,10,Attack,Play 43 - 755 - Attack - Kill - 6520934273aa4d0808309329,755,False,False,False,True,False,False,False,False,False,False,False,False,False,False,False,False,384,6,385,3,384
2023,484,1,63,"[Team Blue] Kill by Nia Reed, Assist from Nootsara Tomkom",-1.0,-1.0,1,IN PROGRESS,11,Attack,Play 63 - 771 - Attack - Kill - 6520936c73aa4d080830933e,771,False,False,False,True,False,False,False,False,False,False,False,False,False,False,False,False,384,6,385,4,385
2023,484,1,67,"[Team Orange] Kill by Shelly Fanning, Assist from Natalia Valentin- Anderson",-1.0,-1.0,1,IN PROGRESS,12,Attack,Play 67 - 772 - Attack - Kill - 6520938573aa4d0808309343,772,False,False,False,True,False,False,False,False,False,False,False,False,False,False,False,False,384,7,385,4,384
2023,484,1,71,"[Team Blue] Kill by Yossiana Pressley, Assist from Nootsara Tomkom",-1.0,-1.0,1,IN PROGRESS,13,Attack,Play 71 - 757 - Attack - Kill - 652093a073aa4d080830935b,757,False,False,False,True,False,False,False,False,False,False,False,False,False,False,False,False,384,7,385,5,385
2023,484,1,76,"[Team Orange] Attack by Katie Lukes, Blocked by Nootsara Tomkom",-1.0,-1.0,1,IN PROGRESS,14,Attack,Play 76 - 755 - Attack - Error - 652093b473aa4d0808309361,755,False,False,False,False,True,False,False,False,False,False,False,False,False,False,False,False,384,7,385,6,385
2023,484,1,82,"[Team Orange] Kill by Katie Lukes, Assist from Natalia Valentin- Anderson",-1.0,-1.0,1,IN PROGRESS,15,Attack,Play 82 - 755 - Attack - Kill - 652093ce73aa4d080830936d,755,False,False,False,True,False,False,False,False,False,False,False,False,False,False,False,False,384,8,385,6,384
2023,484,1,87,"[Team Blue] Kill by Claire Chaussee, Assist from Nootsara Tomkom",-1.0,-1.0,1,IN PROGRESS,16,Attack,Play 87 - 760 - Attack - Kill - 652093e473aa4d0808309373,760,False,False,False,True,False,False,False,False,False,False,False,False,False,False,False,False,384,8,385,7,385
2023,484,1,91,"[Team Orange] Attack by Shelly Fanning, Blocked by Claire Chaussee",-1.0,-1.0,1,IN PROGRESS,17,Attack,Play 91 - 772 - Attack - Error - 6520940273aa4d080830937c,772,False,False,False,False,True,False,False,False,False,False,False,False,False,False,False,False,384,8,385,8,385
2023,484,1,97,"[Team Orange] Kill by Brooke Nuneviller, Assist from Katie Lukes",-1.0,-1.0,1,IN PROGRESS,18,Attack,Play 97 - 769 - Attack - Kill - 6520941673aa4d0808309382,769,False,False,False,True,False,False,False,False,False,False,False,False,False,False,False,False,384,9,385,8,384
2023,484,1,101,"[Team Blue] Kill by Claire Chaussee, Assist from Nootsara Tomkom",-1.0,-1.0,1,IN PROGRESS,19,Attack,Play 101 - 760 - Attack - Kill - 6520942e73aa4d0808309387,760,False,False,False,True,False,False,False,False,False,False,False,False,False,False,False,False,384,9,385,9,385
2023,484,1,106,"[Team Orange] Kill by Tori Dixon, Assist from Natalia Valentin- Anderson",-1.0,-1.0,1,IN PROGRESS,20,Attack,Play 106 - 145 - Attack - Kill - 6520944673aa4d080830938c,145,False,False,False,True,False,False,False,False,False,False,False,False,False,False,False,False,384,10,385,9,384
2023,484,1,110,"[Team Blue] Kill by Nia Reed, Assist from Nootsara Tomkom",-1.0,-1.0,1,IN PROGRESS,21,Attack,Play 110 - 771 - Attack - Kill - 6520946573aa4d08083093a3,771,False,False,False,True,False,False,False,False,False,False,False,False,False,False,False,False,384,10,385,10,385
2023,484,1,122,"[Team Orange] Kill by Brooke Nuneviller, Assist from Amanda Benson",-1.0,-1.0,1,IN PROGRESS,22,Attack,Play 122 - 769 - Attack - Kill - 6520949473aa4d080830943a,769,False,False,False,True,False,False,False,False,False,False,False,False,False,False,False,False,384,11,385,10,384
2023,484,1,127,"[Team Blue] Kill by Yossiana Pressley, Assist from Nootsara Tomkom",-1.0,-1.0,1,IN PROGRESS,23,Attack,Play 127 - 757 - Attack - Kill - 652094b073aa4d0808309440,757,False,False,False,True,False,False,False,False,False,False,False,False,False,False,False,False,384,11,385,11,385
2023,484,1,131,"[Team Orange] Kill by Saskia Hippe, Assist from Natalia Valentin- Anderson",-1.0,-1.0,1,IN PROGRESS,24,Attack,Play 131 - 822 - Attack - Kill - 652094ca73aa4d0808309445,822,False,False,False,True,False,False,False,False,False,False,False,False,False,False,False,False,384,12,385,11,384
2023,484,1,132,[Team Orange] Ace by Tori Dixon,-1.0,-1.0,1,IN PROGRESS,25,Serve,Play 132 - 145 - Serve - Ace - 652094df73aa4d080830944b,145,True,False,False,False,False,False,False,False,False,False,False,False,False,False,False,False,384,13,385,11,384
2023,484,1,136,[Team Orange] Kill by Saskia Hippe,-1.0,-1.0,1,IN PROGRESS,26,Attack,Play 136 - 822 - Attack - Kill - 652094f473aa4d0808309450,822,False,False,False,True,False,False,False,False,False,False,False,False,False,False,False,False,384,14,385,11,384
2023,484,1,140,"[Team Blue] Kill by Nia Reed, Assist from Nootsara Tomkom",-1.0,-1.0,1,IN PROGRESS,27,Attack,Play 140 - 771 - Attack - Kill - 6520951173aa4d0808309455,771,False,False,False,True,False,False,False,False,False,False,False,False,False,False,False,False,384,14,385,12,385
2023,484,1,145,"[Team Orange] Kill by Saskia Hippe, Assist from Natalia Valentin- Anderson",-1.0,-1.0,1,IN PROGRESS,28,Attack,Play 145 - 822 - Attack - Kill - 6520952873aa4d080830945b,822,False,False,False,True,False,False,False,False,False,False,False,False,False,False,False,False,384,15,385,12,384
2023,484,1,161,"[Team Orange] Kill by Katie Lukes, Assist from Natalia Valentin- Anderson",-1.0,-1.0,1,IN PROGRESS,29,Attack,Play 161 - 755 - Attack - Kill - 6520954b73aa4d080830946b,755,False,False,False,True,False,False,False,False,False,False,False,False,False,False,False,False,384,16,385,12,384
2023,484,1,172,"[Team Blue] Kill by Molly McCage, Assist from Nootsara Tomkom",-1.0,-1.0,1,IN PROGRESS,31,Attack,Play 172 - 56 - Attack - Kill - 6520964073aa4d08083094b3,56,False,False,False,True,False,False,False,False,False,False,False,False,False,False,False,False,384,16,385,13,385
2023,484,1,177,"[Team Orange] Attack by Katie Lukes, Blocked by Nootsara Tomkom",-1.0,-1.0,1,IN PROGRESS,32,Attack,Play 177 - 755 - Attack - Error - 6520965873aa4d08083094b9,755,False,False,False,False,True,False,False,False,False,False,False,False,False,False,False,False,384,17,385,13,384
2023,484,1,182,"[Team Orange] Kill by Natalia Valentin- Anderson, Assist from Katie Lukes",-1.0,-1.0,1,IN PROGRESS,33,Attack,Play 182 - 261 - Attack - Kill - 6520967a73aa4d08083094c3,261,False,False,False,True,False,False,False,False,False,False,False,False,False,False,False,False,384,17,385,14,384
2023,484,1,186,"[Team Blue] Kill by Claire Chaussee, Assist from Nootsara Tomkom",-1.0,-1.0,1,IN PROGRESS,34,Attack,Play 186 - 760 - Attack - Kill - 6520968973aa4d08083094c8,760,False,False,False,True,False,False,False,False,False,False,False,False,False,False,False,False,384,17,385,15,385
2023,484,1,190,"[Team Orange] Kill by Shelly Fanning, Assist from Natalia Valentin- Anderson",-1.0,-1.0,1,IN PROGRESS,35,Attack,Play 190 - 772 - Attack - Kill - 6520969d73aa4d08083094cd,772,False,False,False,True,False,False,False,False,False,False,False,False,False,False,False,False,384,18,385,15,384
2023,484,1,194,"[Team Blue] Attack by Claire Chaussee, Blocked by Natalia Valentin- Anderson",-1.0,-1.0,1,IN PROGRESS,36,Attack,Play 194 - 760 - Attack - Error - 652096b473aa4d08083094d2,760,False,False,False,False,True,False,False,False,False,False,False,False,False,False,False,False,384,19,385,15,384
2023,484,1,200,"[Team Blue] Kill by Claire Chaussee, Assist from Nootsara Tomkom",-1.0,-1.0,1,IN PROGRESS,37,Attack,Play 200 - 760 - Attack - Kill - 652096ce73aa4d08083094de,760,False,False,False,True,False,False,False,False,False,False,False,False,False,False,False,False,384,19,385,16,385
2023,484,1,209,"[Team Blue] Kill by Yossiana Pressley, Assist from Nootsara Tomkom",-1.0,-1.0,1,IN PROGRESS,38,Attack,Play 209 - 757 - Attack - Kill - 652096ec73aa4d08083094e8,757,False,False,False,True,False,False,False,False,False,False,False,False,False,False,False,False,384,19,385,17,385
2023,484,1,213,[Team Orange] Attack Error by Brooke Nuneviller,-1.0,-1.0,1,IN PROGRESS,39,Attack,Play 213 - 769 - Attack - Error - 652096fd73aa4d08083094ed,769,False,False,False,False,True,False,False,False,False,False,False,False,False,False,False,False,384,19,385,18,385
2023,484,1,223,"[Team Orange] Kill by Brooke Nuneviller, Assist from Natalia Valentin- Anderson",-1.0,-1.0,1,IN PROGRESS,40,Attack,Play 223 - 769 - Attack - Kill - 6520971973aa4d08083094f8,769,False,False,False,True,False,False,False,False,False,False,False,False,False,False,False,False,384,20,385,18,384
2023,484,1,242,"[Team Orange] Attack by Saskia Hippe, Blocked by Nia Reed",-1.0,-1.0,1,IN PROGRESS,43,Attack,Play 242 - 822 - Attack - Error - 6520989a73aa4d0808309567,822,False,False,False,False,True,False,False,False,False,False,False,False,False,False,False,False,384,21,385,19,385
2023,484,1,245,[Team Blue] Ace by Claire Chaussee,-1.0,-1.0,1,IN PROGRESS,44,Serve,Play 245 - 760 - Serve - Ace - 6520989f73aa4d080830956a,760,True,False,False,False,False,False,False,False,False,False,False,False,False,False,False,False,384,21,385,20,385
2023,484,1,270,[Team Orange] Attack Error by Saskia Hippe,-1.0,-1.0,1,IN PROGRESS,45,Attack,Play 270 - 822 - Attack - Error - 652098f973aa4d0808309593,822,False,False,False,False,True,False,False,False,False,False,False,False,False,False,False,False,384,21,385,21,385
2023,484,1,277,"[Team Blue] Kill by Nia Reed, Assist from Kendal White",-1.0,-1.0,1,IN PROGRESS,47,Attack,Play 277 - 771 - Attack - Kill - 65209a5d73aa4d08083095fc,771,False,False,False,True,False,False,False,False,False,False,False,False,False,False,False,False,384,21,385,22,385
2023,484,1,281,[Team Orange] Attack Error by Saskia Hippe,-1.0,-1.0,1,IN PROGRESS,48,Attack,Play 281 - 822 - Attack - Error - 65209a7973aa4d0808309601,822,False,False,False,False,True,False,False,False,False,False,False,False,False,False,False,False,384,21,385,23,385
2023,484,1,291,[Team Orange] Attack Error by Saskia Hippe,-1.0,-1.0,1,IN PROGRESS,49,Attack,Play 291 - 822 - Attack - Error - 65209a9973aa4d0808309610,822,False,False,False,False,True,False,False,False,False,False,False,False,False,False,False,False,384,21,385,24,385
2023,484,1,292,End Set 1,-1.0,-1.0,1,COMPLETED,,SET_COMPLETED,Play 292 - None - None,,False,False,False,False,False,False,False,False,False,False,False,False,False,False,False,False,384,20,385,25,-1
2023,484,1,302,[Team Blue] Attack Error by Claire Chaussee,-1.0,-1.0,2,IN PROGRESS,2,Attack,Play 302 - 760 - Attack - Error - 65209c7173aa4d080830963c,760,False,False,False,False,True,False,False,False,False,False,False,False,False,False,False,False,384,1,385,0,384
2023,484,1,312,"[Team Orange] Kill by Saskia Hippe, Assist from Amanda Benson",-1.0,-1.0,2,IN PROGRESS,3,Attack,Play 312 - 822 - Attack - Kill - 65209c8c73aa4d0808309646,822,False,False,False,True,False,False,False,False,False,False,False,False,False,False,False,False,384,2,385,0,384
2023,484,1,327,"[Team Orange] Kill by Brooke Nuneviller, Assist from Natalia Valentin- Anderson",-1.0,-1.0,2,IN PROGRESS,4,Attack,Play 327 - 769 - Attack - Kill - 65209cba73aa4d0808309671,769,False,False,False,True,False,False,False,False,False,False,False,False,False,False,False,False,384,3,385,0,384
2023,484,1,328,[Team Orange] Ace by Natalia Valentin- Anderson,-1.0,-1.0,2,IN PROGRESS,5,Serve,Play 328 - 261 - Serve - Ace - 65209cd673aa4d0808309673,261,True,False,False,False,False,False,False,False,False,False,False,False,False,False,False,False,384,4,385,0,384
2023,484,1,333,"[Team Blue] Kill by Claire Chaussee, Assist from Nootsara Tomkom",-1.0,-1.0,2,IN PROGRESS,6,Attack,Play 333 - 760 - Attack - Kill - 65209cf573aa4d0808309679,760,False,False,False,True,False,False,False,False,False,False,False,False,False,False,False,False,384,4,385,1,385
2023,484,1,337,"[Team Orange] Kill by Brooke Nuneviller, Assist from Natalia Valentin- Anderson",-1.0,-1.0,2,IN PROGRESS,7,Attack,Play 337 - 769 - Attack - Kill - 65209d0b73aa4d0808309682,769,False,False,False,True,False,False,False,False,False,False,False,False,False,False,False,False,384,5,385,1,384
2023,484,1,341,[Team Orange] Kill by Tori Dixon,-1.0,-1.0,2,IN PROGRESS,8,Attack,Play 341 - 145 - Attack - Kill - 65209d2073aa4d080830968c,145,False,False,False,True,False,False,False,False,False,False,False,False,False,False,False,False,384,6,385,1,384
2023,484,1,345,"[Team Blue] Kill by Nia Reed, Assist from Nootsara Tomkom",-1.0,-1.0,2,IN PROGRESS,9,Attack,Play 345 - 771 - Attack - Kill - 65209d7473aa4d0808309691,771,False,False,False,True,False,False,False,False,False,False,False,False,False,False,False,False,384,6,385,2,385
2023,484,1,347,[Team Blue] Service Error by Claire Chaussee,-1.0,-1.0,2,IN PROGRESS,10,Serve,Play 347 - 760 - Serve - Error - 65209d7c73aa4d0808309694,760,False,True,False,False,False,False,False,False,False,False,False,False,False,False,False,False,384,7,385,2,384
2023,484,1,366,"[Team Blue] Kill by Claire Chaussee, Assist from Nootsara Tomkom",-1.0,-1.0,2,IN PROGRESS,11,Attack,Play 366 - 760 - Attack - Kill - 65209db373aa4d08083096a8,760,False,False,False,True,False,False,False,False,False,False,False,False,False,False,False,False,384,7,385,3,385
2023,484,1,383,"[Team Orange] Kill by Brooke Nuneviller, Assist from Natalia Valentin- Anderson",-1.0,-1.0,2,IN PROGRESS,12,Attack,Play 383 - 769 - Attack - Kill - 65209de673aa4d08083096ba,769,False,False,False,True,False,False,False,False,False,False,False,False,False,False,False,False,384,8,385,3,384
2023,484,1,393,"[Team Blue] Attack by Nia Reed, Blocked by Katie Lukes",-1.0,-1.0,2,IN PROGRESS,13,Attack,Play 393 - 771 - Attack - Error - 65209e0973aa4d08083096c5,771,False,False,False,False,True,False,False,False,False,False,False,False,False,False,False,False,384,9,385,3,384
2023,484,1,399,"[Team Blue] Kill by Yossiana Pressley, Assist from Nootsara Tomkom",-1.0,-1.0,2,IN PROGRESS,15,Attack,Play 399 - 757 - Attack - Kill - 65209ed273aa4d0808309744,757,False,False,False,True,False,False,False,False,False,False,False,False,False,False,False,False,384,9,385,4,385
2023,484,1,411,[Team Orange] Attack Error by Saskia Hippe,-1.0,-1.0,2,IN PROGRESS,16,Attack,Play 411 - 822 - Attack - Error - 65209f9f73aa4d0808309781,822,False,False,False,False,True,False,False,False,False,False,False,False,False,False,False,False,384,9,385,5,385
2023,484,1,419,"[Team Blue] Kill by Yossiana Pressley, Assist from Nootsara Tomkom",-1.0,-1.0,2,IN PROGRESS,17,Attack,Play 419 - 757 - Attack - Kill - 65209fe173aa4d0808309816,757,False,False,False,True,False,False,False,False,False,False,False,False,False,False,False,False,384,9,385,6,385
2023,484,1,424,[Team Orange] Attack Error by Shelly Fanning,-1.0,-1.0,2,IN PROGRESS,18,Attack,Play 424 - 772 - Attack - Error - 6520a06273aa4d08083098ad,772,False,False,False,False,True,False,False,False,False,False,False,False,False,False,False,False,384,9,385,7,385
2023,484,1,432,"[Team Blue] Kill by Claire Chaussee, Assist from Nootsara Tomkom",-1.0,-1.0,2,IN PROGRESS,20,Attack,Play 432 - 760 - Attack - Kill - 6520a09973aa4d08083098b6,760,False,False,False,True,False,False,False,False,False,False,False,False,False,False,False,False,384,9,385,8,385
2023,484,1,437,"[Team Orange] Kill by Katie Lukes, Assist from Natalia Valentin- Anderson",-1.0,-1.0,2,IN PROGRESS,21,Attack,Play 437 - 755 - Attack - Kill - 6520a0b573aa4d08083098bc,755,False,False,False,True,False,False,False,False,False,False,False,False,False,False,False,False,384,10,385,8,384
2023,484,1,449,"[Team Orange] Kill by Brooke Nuneviller, Assist from Natalia Valentin- Anderson",-1.0,-1.0,2,IN PROGRESS,22,Attack,Play 449 - 769 - Attack - Kill - 6520a0dd73aa4d08083098c9,769,False,False,False,True,False,False,False,False,False,False,False,False,False,False,False,False,384,11,385,8,384
2023,484,1,451,[Team Orange] Service Error by Katie Lukes,-1.0,-1.0,2,IN PROGRESS,23,Serve,Play 451 - 755 - Serve - Error - 6520a0fc73aa4d08083098cc,755,False,True,False,False,False,False,False,False,False,False,False,False,False,False,False,False,384,11,385,9,385
2023,484,1,455,"[Team Orange] Attack by Shelly Fanning, Blocked by Molly McCage",-1.0,-1.0,2,IN PROGRESS,24,Attack,Play 455 - 772 - Attack - Error - 6520a11273aa4d08083098d1,772,False,False,False,False,True,False,False,False,False,False,False,False,False,False,False,False,384,11,385,10,385
2023,484,1,457,[Team Blue] Substitution: Aury Cruz in for Yossiana Pressley,-1.0,-1.0,2,IN PROGRESS,24,SUBSTITUTION,Play 457 - None - None - 24 in for 22,,False,False,False,False,False,False,False,False,False,False,False,False,False,False,False,False,384,1,385,0,-1
2023,484,1,467,"[Team Blue] Kill by Claire Chaussee, Assist from Nootsara Tomkom",-1.0,-1.0,2,IN PROGRESS,26,Attack,Play 467 - 760 - Attack - Kill - 6520a13f73aa4d08083098f2,760,False,False,False,True,False,False,False,False,False,False,False,False,False,False,False,False,384,11,385,11,385
2023,484,1,477,"[Team Blue] Attack by Claire Chaussee, Blocked by Shelly Fanning",-1.0,-1.0,2,IN PROGRESS,27,Attack,Play 477 - 760 - Attack - Error - 6520a17173aa4d080830991d,760,False,False,False,False,True,False,False,False,False,False,False,False,False,False,False,False,384,12,385,11,384
2023,484,1,482,"[Team Blue] Kill by Molly McCage, Assist from Nootsara Tomkom",-1.0,-1.0,2,IN PROGRESS,28,Attack,Play 482 - 56 - Attack - Kill - 6520a18073aa4d0808309923,56,False,False,False,True,False,False,False,False,False,False,False,False,False,False,False,False,384,12,385,12,385
2023,484,1,484,[Team Blue] Service Error by Molly McCage,-1.0,-1.0,2,IN PROGRESS,29,Serve,Play 484 - 56 - Serve - Error - 6520a19173aa4d0808309926,56,False,True,False,False,False,False,False,False,False,False,False,False,False,False,False,False,384,13,385,12,384
2023,484,1,494,"[Team Blue] Kill by Claire Chaussee, Assist from Kendal White",-1.0,-1.0,2,IN PROGRESS,30,Attack,Play 494 - 760 - Attack - Kill - 6520a1c373aa4d0808309931,760,False,False,False,True,False,False,False,False,False,False,False,False,False,False,False,False,384,13,385,13,385
2023,484,1,502,"[Team Blue] Kill by Nia Reed, Assist from Kendal White",-1.0,-1.0,2,IN PROGRESS,31,Attack,Play 502 - 771 - Attack - Kill - 6520a1f173aa4d0808309939,771,False,False,False,True,False,False,False,False,False,False,False,False,False,False,False,False,384,13,385,14,385
2023,484,1,515,"[Team Blue] Kill by Claire Chaussee, Assist from Kendal White",-1.0,-1.0,2,IN PROGRESS,32,Attack,Play 515 - 760 - Attack - Kill - 6520a24e73aa4d080830996b,760,False,False,False,True,False,False,False,False,False,False,False,False,False,False,False,False,384,13,385,15,385
2023,484,1,520,"[Team Orange] Kill by Saskia Hippe, Assist from Natalia Valentin- Anderson",-1.0,-1.0,2,IN PROGRESS,33,Attack,Play 520 - 822 - Attack - Kill - 6520a2c973aa4d0808309a7c,822,False,False,False,True,False,False,False,False,False,False,False,False,False,False,False,False,384,14,385,15,384
2023,484,1,522,[Team Orange] Service Error by Brooke Nuneviller,-1.0,-1.0,2,IN PROGRESS,34,Serve,Play 522 - 769 - Serve - Error - 6520a2da73aa4d0808309a7f,769,False,True,False,False,False,False,False,False,False,False,False,False,False,False,False,False,384,14,385,16,385
2023,484,1,529,"[Team Blue] Kill by Claire Chaussee, Assist from Aury Cruz",-1.0,-1.0,2,IN PROGRESS,35,Attack,Play 529 - 760 - Attack - Kill - 6520a2f673aa4d0808309a87,760,False,False,False,True,False,False,False,False,False,False,False,False,False,False,False,False,384,14,385,17,385
2023,484,1,540,"[Team Orange] Kill by Saskia Hippe, Assist from Amanda Benson",-1.0,-1.0,2,IN PROGRESS,36,Attack,Play 540 - 822 - Attack - Kill - 6520a32273aa4d0808309a9a,822,False,False,False,True,False,False,False,False,False,False,False,False,False,False,False,False,384,15,385,17,384
2023,484,1,545,"[Team Blue] Kill by Aury Cruz, Assist from Nootsara Tomkom",-1.0,-1.0,2,IN PROGRESS,37,Attack,Play 545 - 91 - Attack - Kill - 6520a33773aa4d0808309aa0,91,False,False,False,True,False,False,False,False,False,False,False,False,False,False,False,False,384,15,385,18,385
2023,484,1,550,"[Team Orange] Kill by Saskia Hippe, Assist from Natalia Valentin- Anderson",-1.0,-1.0,2,IN PROGRESS,38,Attack,Play 550 - 822 - Attack - Kill - 6520a35773aa4d0808309aab,822,False,False,False,True,False,False,False,False,False,False,False,False,False,False,False,False,384,16,385,18,384
2023,484,1,554,"[Team Blue] Kill by Molly McCage, Assist from Nootsara Tomkom",-1.0,-1.0,2,IN PROGRESS,39,Attack,Play 554 - 56 - Attack - Kill - 6520a36b73aa4d0808309ab0,56,False,False,False,True,False,False,False,False,False,False,False,False,False,False,False,False,384,16,385,19,385
2023,484,1,557,"[Team Orange] Kill by Natalia Valentin- Anderson, Assist from Katie Lukes",-1.0,-1.0,2,IN PROGRESS,40,Attack,Play 557 - 261 - Attack - Kill - 6520a38173aa4d0808309ab4,261,False,False,False,True,False,False,False,False,False,False,False,False,False,False,False,False,384,17,385,19,384
2023,484,1,559,[Team Orange] Substitution: Maria Schlegel in for Katie Lukes,-1.0,-1.0,2,IN PROGRESS,40,SUBSTITUTION,Play 559 - None - None - 26 in for 15,,False,False,False,False,False,False,False,False,False,False,False,False,False,False,False,False,384,1,385,0,-1
2023,484,1,569,"[Team Blue] Kill by Molly McCage, Assist from Nootsara Tomkom",-1.0,-1.0,2,IN PROGRESS,42,Attack,Play 569 - 56 - Attack - Kill - 6520a3a773aa4d0808309ac5,56,False,False,False,True,False,False,False,False,False,False,False,False,False,False,False,False,384,17,385,20,385
2023,484,1,574,"[Team Orange] Kill by Shelly Fanning, Assist from Natalia Valentin- Anderson",-1.0,-1.0,2,IN PROGRESS,43,Attack,Play 574 - 772 - Attack - Kill - 6520a3d873aa4d0808309ae9,772,False,False,False,True,False,False,False,False,False,False,False,False,False,False,False,False,384,18,385,20,384
2023,484,1,582,"[Team Blue] Kill by Molly McCage, Assist from Nootsara Tomkom",-1.0,-1.0,2,IN PROGRESS,44,Attack,Play 582 - 56 - Attack - Kill - 6520a41d73aa4d0808309aef,56,False,False,False,True,False,False,False,False,False,False,False,False,False,False,False,False,384,19,385,20,384
2023,484,1,590,"[Team Blue] Kill by Ali Bastianelli, Assist from Nootsara Tomkom",-1.0,-1.0,2,IN PROGRESS,45,Attack,Play 590 - 121 - Attack - Kill - 6520a4c173aa4d0808309b14,121,False,False,False,True,False,False,False,False,False,False,False,False,False,False,False,False,384,18,385,22,385
2023,484,1,594,"[Team Orange] Kill by Saskia Hippe, Assist from Natalia Valentin- Anderson",-1.0,-1.0,2,IN PROGRESS,46,Attack,Play 594 - 822 - Attack - Kill - 6520a4ce73aa4d0808309b19,822,False,False,False,True,False,False,False,False,False,False,False,False,False,False,False,False,384,19,385,22,384
2023,484,1,601,"[Team Orange] Kill by Saskia Hippe, Assist from Natalia Valentin- Anderson",-1.0,-1.0,2,IN PROGRESS,47,Attack,Play 601 - 822 - Attack - Kill - 6520a4f373aa4d0808309b26,822,False,False,False,True,False,False,False,False,False,False,False,False,False,False,False,False,384,20,385,22,384
2023,484,1,606,"[Team Blue] Kill by Ali Bastianelli, Assist from Nootsara Tomkom",-1.0,-1.0,2,IN PROGRESS,48,Attack,Play 606 - 121 - Attack - Kill - 6520a57373aa4d0808309b2c,121,False,False,False,True,False,False,False,False,False,False,False,False,False,False,False,False,384,20,385,23,385
2023,484,1,614,"[Team Blue] Kill by Claire Chaussee, Assist from Nia Reed",-1.0,-1.0,2,IN PROGRESS,49,Attack,Play 614 - 760 - Attack - Kill - 6520a58a73aa4d0808309b35,760,False,False,False,True,False,False,False,False,False,False,False,False,False,False,False,False,384,20,385,24,385
2023,484,1,622,"[Team Blue] Kill by Claire Chaussee, Assist from Nootsara Tomkom",-1.0,-1.0,2,IN PROGRESS,50,Attack,Play 622 - 760 - Attack - Kill - 6520a59a73aa4d0808309b3e,760,False,False,False,True,False,False,False,False,False,False,False,False,False,False,False,False,384,20,385,25,385
2023,484,1,624,End Set 2,-1.0,-1.0,2,COMPLETED,,SET_COMPLETED,Play 624 - None - None,,False,False,False,False,False,False,False,False,False,False,False,False,False,False,False,False,384,20,385,25,-1
2023,484,1,628,"[Team Orange] Kill by Brooke Nuneviller, Assist from Natalia Valentin- Anderson",-1.0,-1.0,3,IN PROGRESS,2,Attack,Play 628 - 769 - Attack - Kill - 6520a6e373aa4d0808309b5b,769,False,False,False,True,False,False,False,False,False,False,False,False,False,False,False,False,384,1,385,0,384
2023,484,1,632,"[Team Blue] Kill by Nia Reed, Assist from Nootsara Tomkom",-1.0,-1.0,3,IN PROGRESS,3,Attack,Play 632 - 771 - Attack - Kill - 6520a70073aa4d0808309b60,771,False,False,False,True,False,False,False,False,False,False,False,False,False,False,False,False,384,1,385,1,385
2023,484,1,639,[Team Blue] Set Error by Nootsara Tomkom,-1.0,-1.0,3,IN PROGRESS,4,Set,Play 639 - 274 - Set - Error - 6520a71c73aa4d0808309b68,274,False,False,False,False,False,False,False,False,False,False,False,False,False,False,True,False,384,2,385,1,384
2023,484,1,640,[Team Orange] Ace by Brooke Nuneviller,-1.0,-1.0,3,IN PROGRESS,5,Serve,Play 640 - 769 - Serve - Ace - 6520a73073aa4d0808309b6a,769,True,False,False,False,False,False,False,False,False,False,False,False,False,False,False,False,384,3,385,1,384
2023,484,1,645,"[Team Blue] Kill by Ali Bastianelli, Assist from Nootsara Tomkom",-1.0,-1.0,3,IN PROGRESS,6,Attack,Play 645 - 121 - Attack - Kill - 6520a74673aa4d0808309b70,121,False,False,False,True,False,False,False,False,False,False,False,False,False,False,False,False,384,3,385,2,385
2023,484,1,649,"[Team Orange] Attack by Saskia Hippe, Blocked by Molly McCage",-1.0,-1.0,3,IN PROGRESS,7,Attack,Play 649 - 822 - Attack - Error - 6520a76773aa4d0808309b75,822,False,False,False,False,True,False,False,False,False,False,False,False,False,False,False,False,384,3,385,3,385
2023,484,1,654,"[Team Orange] Attack by Katie Lukes, Blocked by Nia Reed",-1.0,-1.0,3,IN PROGRESS,8,Attack,Play 654 - 755 - Attack - Error - 6520a77e73aa4d0808309b7b,755,False,False,False,False,True,False,False,False,False,False,False,False,False,False,False,False,384,3,385,4,385
2023,484,1,664,[Team Blue] Attack Error by Nia Reed,-1.0,-1.0,3,IN PROGRESS,9,Attack,Play 664 - 771 - Attack - Error - 6520a7a673aa4d0808309b8b,771,False,False,False,False,True,False,False,False,False,False,False,False,False,False,False,False,384,4,385,4,384
2023,484,1,680,"[Team Blue] Kill by Claire Chaussee, Assist from Nootsara Tomkom",-1.0,-1.0,3,IN PROGRESS,10,Attack,Play 680 - 760 - Attack - Kill - 6520a7d673aa4d0808309b9c,760,False,False,False,True,False,False,False,False,False,False,False,False,False,False,False,False,384,4,385,5,385
2023,484,1,689,"[Team Blue] Kill by Molly McCage, Assist from Nootsara Tomkom",-1.0,-1.0,3,IN PROGRESS,12,Attack,Play 689 - 56 - Attack - Kill - 6520a7fb73aa4d0808309bec,56,False,False,False,True,False,False,False,False,False,False,False,False,False,False,False,False,384,5,385,6,385
2023,484,1,693,"[Team Orange] Kill by Katie Lukes, Assist from Natalia Valentin- Anderson",-1.0,-1.0,3,IN PROGRESS,13,Attack,Play 693 - 755 - Attack - Kill - 6520a81e73aa4d0808309bf1,755,False,False,False,True,False,False,False,False,False,False,False,False,False,False,False,False,384,6,385,6,384
2023,484,1,695,[Team Orange] Service Error by Katie Lukes,-1.0,-1.0,3,IN PROGRESS,14,Serve,Play 695 - 755 - Serve - Error - 6520a82b73aa4d0808309bf4,755,False,True,False,False,False,False,False,False,False,False,False,False,False,False,False,False,384,6,385,7,385
2023,484,1,703,"[Team Blue] Kill by Claire Chaussee, Assist from Molly McCage",-1.0,-1.0,3,IN PROGRESS,15,Attack,Play 703 - 760 - Attack - Kill - 6520a84773aa4d0808309bfd,760,False,False,False,True,False,False,False,False,False,False,False,False,False,False,False,False,384,6,385,8,385
2023,484,1,704,[Team Blue] Service Error by Molly McCage,-1.0,-1.0,3,IN PROGRESS,16,Serve,Play 704 - 56 - Serve - Error - 6520a86473aa4d0808309c27,56,False,True,False,False,False,False,False,False,False,False,False,False,False,False,False,False,384,7,385,8,384
2023,484,1,705,[Team Orange] Substitution: Maria Schlegel in for Katie Lukes,-1.0,-1.0,3,IN PROGRESS,16,SUBSTITUTION,Play 705 - None - None - 26 in for 15,,False,False,False,False,False,False,False,False,False,False,False,False,False,False,False,False,384,1,385,0,-1
2023,484,1,706,[Team Orange] Service Error by Tori Dixon,-1.0,-1.0,3,IN PROGRESS,18,Serve,Play 706 - 145 - Serve - Error - 6520a87473aa4d0808309c29,145,False,True,False,False,False,False,False,False,False,False,False,False,False,False,False,False,384,7,385,9,385
2023,484,1,728,[Team Orange] Attack Error by Brooke Nuneviller,-1.0,-1.0,3,IN PROGRESS,19,Attack,Play 728 - 769 - Attack - Error - 6520a8d573aa4d0808309c7c,769,False,False,False,False,True,False,False,False,False,False,False,False,False,False,False,False,384,7,385,10,385
2023,484,1,737,"[Team Blue] Kill by Nia Reed, Assist from Nootsara Tomkom",-1.0,-1.0,3,IN PROGRESS,20,Attack,Play 737 - 771 - Attack - Kill - 6520a8f273aa4d0808309c86,771,False,False,False,True,False,False,False,False,False,False,False,False,False,False,False,False,384,7,385,11,385
2023,484,1,742,[Team Orange] Kill by Natalia Valentin- Anderson,-1.0,-1.0,3,IN PROGRESS,22,Attack,Play 742 - 261 - Attack - Kill - 6520a9ca73aa4d0808309cba,261,False,False,False,True,False,False,False,False,False,False,False,False,False,False,False,False,384,8,385,11,384
2023,484,1,758,"[Team Blue] Kill by Nia Reed, Assist from Nootsara Tomkom",-1.0,-1.0,3,IN PROGRESS,23,Attack,Play 758 - 771 - Attack - Kill - 6520a9ff73aa4d0808309ccb,771,False,False,False,True,False,False,False,False,False,False,False,False,False,False,False,False,384,8,385,12,385
2023,484,1,769,"[Team Orange] Kill by Saskia Hippe, Assist from Natalia Valentin- Anderson",-1.0,-1.0,3,IN PROGRESS,24,Attack,Play 769 - 822 - Attack - Kill - 6520aa2d73aa4d0808309cd7,822,False,False,False,True,False,False,False,False,False,False,False,False,False,False,False,False,384,9,385,12,384
2023,484,1,773,[Team Orange] Kill by Shelly Fanning,-1.0,-1.0,3,IN PROGRESS,25,Attack,Play 773 - 772 - Attack - Kill - 6520aa4273aa4d0808309cf4,772,False,False,False,True,False,False,False,False,False,False,False,False,False,False,False,False,384,10,385,12,384
2023,484,1,781,"[Team Blue] Kill by Aury Cruz, Assist from Nootsara Tomkom",-1.0,-1.0,3,IN PROGRESS,26,Attack,Play 781 - 91 - Attack - Kill - 6520aa5a73aa4d0808309cfd,91,False,False,False,True,False,False,False,False,False,False,False,False,False,False,False,False,384,10,385,13,385
2023,484,1,782,[Team Blue] Service Error by Ali Bastianelli,-1.0,-1.0,3,IN PROGRESS,27,Serve,Play 782 - 121 - Serve - Error - 6520aa6473aa4d0808309cff,121,False,True,False,False,False,False,False,False,False,False,False,False,False,False,False,False,384,11,385,13,384
2023,484,1,786,"[Team Blue] Kill by Aury Cruz, Assist from Nootsara Tomkom",-1.0,-1.0,3,IN PROGRESS,28,Attack,Play 786 - 91 - Attack - Kill - 6520aa7a73aa4d0808309d04,91,False,False,False,True,False,False,False,False,False,False,False,False,False,False,False,False,384,11,385,14,385
2023,484,1,787,[Team Blue] Ace by Nia Reed,-1.0,-1.0,3,IN PROGRESS,29,Serve,Play 787 - 771 - Serve - Ace - 6520aa9a73aa4d0808309d0a,771,True,False,False,False,False,False,False,False,False,False,False,False,False,False,False,False,384,11,385,15,385
2023,484,1,803,"[Team Orange] Attack by Saskia Hippe, Blocked by Aury Cruz",-1.0,-1.0,3,IN PROGRESS,30,Attack,Play 803 - 822 - Attack - Error - 6520aacb73aa4d0808309d1b,822,False,False,False,False,True,False,False,False,False,False,False,False,False,False,False,False,384,11,385,16,385
2023,484,1,809,"[Team Orange] Kill by Maria Schlegel, Assist from Natalia Valentin- Anderson",-1.0,-1.0,3,IN PROGRESS,31,Attack,Play 809 - 770 - Attack - Kill - 6520aadd73aa4d0808309d32,770,False,False,False,True,False,False,False,False,False,False,False,False,False,False,False,False,384,12,385,16,384
2023,484,1,817,"[Team Blue] Kill by Molly McCage, Assist from Nootsara Tomkom",-1.0,-1.0,3,IN PROGRESS,32,Attack,Play 817 - 56 - Attack - Kill - 6520aafd73aa4d0808309d3b,56,False,False,False,True,False,False,False,False,False,False,False,False,False,False,False,False,384,12,385,17,385
2023,484,1,822,[Team Orange] Attack Error by Maria Schlegel,-1.0,-1.0,3,IN PROGRESS,33,Attack,Play 822 - 770 - Attack - Error - 6520ab1673aa4d0808309d49,770,False,False,False,False,True,False,False,False,False,False,False,False,False,False,False,False,384,12,385,18,385
2023,484,1,833,"[Team Orange] Kill by Maria Schlegel, Assist from Natalia Valentin- Anderson",-1.0,-1.0,3,IN PROGRESS,34,Attack,Play 833 - 770 - Attack - Kill - 6520ab3773aa4d0808309d54,770,False,False,False,True,False,False,False,False,False,False,False,False,False,False,False,False,384,13,385,18,384
2023,484,1,840,"[Team Orange] Kill by Brooke Nuneviller, Assist from Natalia Valentin- Anderson",-1.0,-1.0,3,IN PROGRESS,35,Attack,Play 840 - 769 - Attack - Kill - 6520ab6073aa4d0808309d92,769,False,False,False,True,False,False,False,False,False,False,False,False,False,False,False,False,384,14,385,18,384
2023,484,1,842,[Team Orange] Service Error by Maria Schlegel,-1.0,-1.0,3,IN PROGRESS,36,Serve,Play 842 - 770 - Serve - Error - 6520ab7073aa4d0808309d9b,770,False,True,False,False,False,False,False,False,False,False,False,False,False,False,False,False,384,14,385,19,385
2023,484,1,851,"[Team Orange] Attack by Tori Dixon, Blocked by Claire Chaussee",-1.0,-1.0,3,IN PROGRESS,37,Attack,Play 851 - 145 - Attack - Error - 6520ab8e73aa4d0808309da5,145,False,False,False,False,True,False,False,False,False,False,False,False,False,False,False,False,384,14,385,20,385
2023,484,1,853,[Team Blue] Service Error by Molly McCage,-1.0,-1.0,3,IN PROGRESS,38,Serve,Play 853 - 56 - Serve - Error - 6520abac73aa4d0808309dc4,56,False,True,False,False,False,False,False,False,False,False,False,False,False,False,False,False,384,15,385,20,384
2023,484,1,854,[Team Orange] Substitution: Kaz Brown in for Shelly Fanning,-1.0,-1.0,3,IN PROGRESS,38,SUBSTITUTION,Play 854 - None - None - 10 in for 97,,False,False,False,False,False,False,False,False,False,False,False,False,False,False,False,False,384,1,385,0,-1
2023,484,1,858,"[Team Blue] Attack by Claire Chaussee, Blocked by Kaz Brown",-1.0,-1.0,3,IN PROGRESS,40,Attack,Play 858 - 760 - Attack - Error - 6520abc073aa4d0808309dc9,760,False,False,False,False,True,False,False,False,False,False,False,False,False,False,False,False,384,16,385,20,384
2023,484,1,866,"[Team Orange] Kill by Saskia Hippe, Assist from Natalia Valentin- Anderson",-1.0,-1.0,3,IN PROGRESS,41,Attack,Play 866 - 822 - Attack - Kill - 6520ac0573aa4d0808309dd3,822,False,False,False,True,False,False,False,False,False,False,False,False,False,False,False,False,384,17,385,20,384
2023,484,1,874,"[Team Blue] Attack by Claire Chaussee, Blocked by Kaz Brown",-1.0,-1.0,3,IN PROGRESS,42,Attack,Play 874 - 760 - Attack - Error - 6520ac2e73aa4d0808309ddc,760,False,False,False,False,True,False,False,False,False,False,False,False,False,False,False,False,384,18,385,20,384
2023,484,1,879,"[Team Blue] Kill by Nia Reed, Assist from Nootsara Tomkom",-1.0,-1.0,3,IN PROGRESS,44,Attack,Play 879 - 771 - Attack - Kill - 6520acac73aa4d0808309de3,771,False,False,False,True,False,False,False,False,False,False,False,False,False,False,False,False,384,18,385,21,385
2023,484,1,882,"[Team Orange] Attack by Natalia Valentin- Anderson, Blocked by Nia Reed",-1.0,-1.0,3,IN PROGRESS,45,Attack,Play 882 - 261 - Attack - Error - 6520acc573aa4d0808309deb,261,False,False,False,False,True,False,False,False,False,False,False,False,False,False,False,False,384,18,385,22,385
2023,484,1,887,"[Team Orange] Kill by Kaz Brown, Assist from Natalia Valentin- Anderson",-1.0,-1.0,3,IN PROGRESS,46,Attack,Play 887 - 754 - Attack - Kill - 6520acd973aa4d0808309df5,754,False,False,False,True,False,False,False,False,False,False,False,False,False,False,False,False,384,19,385,22,384
2023,484,1,892,"[Team Blue] Kill by Ali Bastianelli, Assist from Nootsara Tomkom",-1.0,-1.0,3,IN PROGRESS,47,Attack,Play 892 - 121 - Attack - Kill - 6520acf673aa4d0808309e03,121,False,False,False,True,False,False,False,False,False,False,False,False,False,False,False,False,384,19,385,23,385
2023,484,1,893,[Team Blue] Service Error by Claire Chaussee,-1.0,-1.0,3,IN PROGRESS,48,Serve,Play 893 - 760 - Serve - Error - 6520ad0873aa4d0808309e09,760,False,True,False,False,False,False,False,False,False,False,False,False,False,False,False,False,384,20,385,23,384
2023,484,1,897,[Team Blue] Attack Error by Ali Bastianelli,-1.0,-1.0,3,IN PROGRESS,49,Attack,Play 897 - 121 - Attack - Error - 6520ad1e73aa4d0808309e0e,121,False,False,False,False,True,False,False,False,False,False,False,False,False,False,False,False,384,21,385,23,384
2023,484,1,909,[Team Orange] Kill by Saskia Hippe,-1.0,-1.0,3,IN PROGRESS,50,Attack,Play 909 - 822 - Attack - Kill - 6520ad4a73aa4d0808309e1b,822,False,False,False,True,False,False,False,False,False,False,False,False,False,False,False,False,384,22,385,23,384
2023,484,1,914,"[Team Blue] Kill by Aury Cruz, Assist from Nootsara Tomkom",-1.0,-1.0,3,IN PROGRESS,51,Attack,Play 914 - 91 - Attack - Kill - 6520ad5b73aa4d0808309e21,91,False,False,False,True,False,False,False,False,False,False,False,False,False,False,False,False,384,22,385,24,385
2023,484,1,929,"[Team Orange] Kill by Maria Schlegel, Assist from Amanda Benson",-1.0,-1.0,3,IN PROGRESS,52,Attack,Play 929 - 770 - Attack - Kill - 6520ad8f73aa4d0808309e31,770,False,False,False,True,False,False,False,False,False,False,False,False,False,False,False,False,384,23,385,24,384
2023,484,1,931,[Team Orange] Service Error by Kaz Brown,-1.0,-1.0,3,COMPLETED,53,Serve,Play 931 - 754 - Serve - Error - 6520ad9873aa4d0808309e34,754,False,True,False,False,False,False,False,False,False,False,False,False,False,False,False,False,384,23,385,25,385
2023,484,1,932,End Set 3,-1.0,-1.0,3,COMPLETED,,SET_COMPLETED,Play 932 - None - None,,False,False,False,False,False,False,False,False,False,False,False,False,False,False,False,False,384,23,385,25,-1
2023,485,2,8,"[Team Gold] Kill by Bethania De La Cruz, Assist from Nomaris Velez Agosto",-1.0,-1.0,1,IN PROGRESS,2,Attack,Play 8 - 128 - Attack - Kill - 6520b5ab5671410806716698,128,False,False,False,True,False,False,False,False,False,False,False,False,False,False,False,False,386,0,383,1,383
2023,485,2,13,"[Team Purple] Kill by Alli Linnehan, Assist from Sydney Hilley",-1.0,-1.0,1,IN PROGRESS,3,Attack,Play 13 - 767 - Attack - Kill - 6520b5b3567141080671669e,767,False,False,False,True,False,False,False,False,False,False,False,False,False,False,False,False,386,1,383,1,386
2023,485,2,14,[Team Purple] Ace by Alli Linnehan,-1.0,-1.0,1,IN PROGRESS,4,Serve,Play 14 - 767 - Serve - Ace - 6520b5c756714108067166b6,767,True,False,False,False,False,False,False,False,False,False,False,False,False,False,False,False,386,2,383,1,386
2023,485,2,19,"[Team Gold] Kill by Bethania De La Cruz, Assist from Alisha Childress",-1.0,-1.0,1,IN PROGRESS,5,Attack,Play 19 - 128 - Attack - Kill - 6520b5de56714108067166bc,128,False,False,False,True,False,False,False,False,False,False,False,False,False,False,False,False,386,2,383,2,383
2023,485,2,20,[Team Gold] Service Error by Karis Watson,-1.0,-1.0,1,IN PROGRESS,6,Serve,Play 20 - 758 - Serve - Error - 6520b5f056714108067166be,758,False,True,False,False,False,False,False,False,False,False,False,False,False,False,False,False,386,3,383,2,386
2023,485,2,26,[Team Gold] Kill by Anota Adekunle,-1.0,-1.0,1,IN PROGRESS,7,Attack,Play 26 - 764 - Attack - Kill - 6520b60f56714108067166c5,764,False,False,False,True,False,False,False,False,False,False,False,False,False,False,False,False,386,3,383,3,383
2023,485,2,30,"[Team Purple] Kill by Leah Edmond, Assist from Sydney Hilley",-1.0,-1.0,1,IN PROGRESS,8,Attack,Play 30 - 141 - Attack - Kill - 6520b62556714108067166ca,141,False,False,False,True,False,False,False,False,False,False,False,False,False,False,False,False,386,4,383,3,386
2023,485,2,39,"[Team Purple] Kill by Genesis Collazo, Assist from Sydney Hilley",-1.0,-1.0,1,COMPLETED,9,Attack,Play 39 - 768 - Attack - Kill - 6520b63d56714108067166d8,768,False,False,False,True,False,False,False,False,False,False,False,False,False,False,False,False,386,5,383,3,386
2023,485,2,40,[Team Purple] Ace by Sydney Hilley,-1.0,-1.0,1,COMPLETED,10,Serve,Play 40 - 761 - Serve - Ace - 6520b64e56714108067166e8,761,True,False,False,False,False,False,False,False,False,False,False,False,False,False,False,False,386,6,383,3,386
2023,485,2,57,"[Team Gold] Kill by Anota Adekunle, Assist from Alisha Childress",-1.0,-1.0,1,COMPLETED,12,Attack,Play 57 - 764 - Attack - Kill - 6520b6905671410806716700,764,False,False,False,True,False,False,False,False,False,False,False,False,False,False,False,False,386,6,383,5,383
2023,485,2,59,[Team Gold] Substitution: Kayla Caffey in for Anota Adekunle,-1.0,-1.0,1,COMPLETED,12,SUBSTITUTION,Play 59 - None - None - 28 in for 19,,False,False,False,False,False,False,False,False,False,False,False,False,False,False,False,False,386,33,383,31,-1
2023,485,2,63,"[Team Purple] Attack by Leah Edmond, Blocked by Lindsey Vander Weide",-1.0,-1.0,1,COMPLETED,14,Attack,Play 63 - 141 - Attack - Error - 6520b6fd567141080671672a,141,False,False,False,False,True,False,False,False,False,False,False,False,False,False,False,False,386,6,383,6,383
2023,485,2,72,"[Team Gold] Kill by Willow Johnson, Assist from Alisha Childress",-1.0,-1.0,1,COMPLETED,15,Attack,Play 72 - 146 - Attack - Kill - 6520b72a5671410806716738,146,False,False,False,True,False,False,False,False,False,False,False,False,False,False,False,False,386,6,383,7,383
2023,485,2,86,"[Team Gold] Attack by Willow Johnson, Blocked by Leah Edmond",-1.0,-1.0,1,COMPLETED,16,Attack,Play 86 - 146 - Attack - Error - 6520b7665671410806716762,146,False,False,False,False,True,False,False,False,False,False,False,False,False,False,False,False,386,7,383,7,386
2023,485,2,102,"[Team Purple] Attack by Genesis Collazo, Blocked by Kayla Caffey",-1.0,-1.0,1,COMPLETED,17,Attack,Play 102 - 768 - Attack - Error - 6520b7a756714108067167bb,768,False,False,False,False,True,False,False,False,False,False,False,False,False,False,False,False,386,7,383,8,383
2023,485,2,107,"[Team Purple] Kill by Genesis Collazo, Assist from Sydney Hilley",-1.0,-1.0,1,COMPLETED,18,Attack,Play 107 - 768 - Attack - Kill - 6520b7b356714108067167d1,768,False,False,False,True,False,False,False,False,False,False,False,False,False,False,False,False,386,8,383,8,386
2023,485,2,118,"[Team Gold] Kill by Karis Watson, Assist from Alisha Childress",-1.0,-1.0,1,COMPLETED,19,Attack,Play 118 - 758 - Attack - Kill - 6520b7d456714108067167ec,758,False,False,False,True,False,False,False,False,False,False,False,False,False,False,False,False,386,8,383,9,383
2023,485,2,122,"[Team Purple] Kill by Alli Linnehan, Assist from Sydney Hilley",-1.0,-1.0,1,COMPLETED,20,Attack,Play 122 - 767 - Attack - Kill - 6520b7de56714108067167f1,767,False,False,False,True,False,False,False,False,False,False,False,False,False,False,False,False,386,9,383,9,386
2023,485,2,125,[Team Gold] Set Error by Alisha Childress,-1.0,-1.0,1,COMPLETED,21,Set,Play 125 - 259 - Set - Error - 6520b7ec5671410806716804,259,False,False,False,False,False,False,False,False,False,False,False,False,False,False,True,False,386,10,383,9,386
2023,485,2,135,[Team Purple] Attack Error by Alli Linnehan,-1.0,-1.0,1,COMPLETED,22,Attack,Play 135 - 767 - Attack - Error - 6520b808567141080671681e,767,False,False,False,False,True,False,False,False,False,False,False,False,False,False,False,False,386,10,383,10,383
2023,485,2,145,[Team Purple] Attack Error by Genesis Collazo,-1.0,-1.0,1,COMPLETED,23,Attack,Play 145 - 768 - Attack - Error - 6520b82a5671410806716829,768,False,False,False,False,True,False,False,False,False,False,False,False,False,False,False,False,386,10,383,11,383
2023,485,2,149,[Team Purple] Attack Error by Leah Edmond,-1.0,-1.0,1,COMPLETED,24,Attack,Play 149 - 141 - Attack - Error - 6520b83b567141080671682e,141,False,False,False,False,True,False,False,False,False,False,False,False,False,False,False,False,386,10,383,12,383
2023,485,2,150,[Team Gold] Ace by Lindsey Vander Weide,-1.0,-1.0,1,COMPLETED,25,Serve,Play 150 - 766 - Serve - Ace - 6520b84e5671410806716830,766,True,False,False,False,False,False,False,False,False,False,False,False,False,False,False,False,386,10,383,13,383
2023,485,2,158,"[Team Gold] Kill by Bethania De La Cruz, Assist from Alisha Childress",-1.0,-1.0,1,COMPLETED,26,Attack,Play 158 - 128 - Attack - Kill - 6520b86b567141080671683b,128,False,False,False,True,False,False,False,False,False,False,False,False,False,False,False,False,386,10,383,14,383
2023,485,2,163,"[Team Purple] Kill by Alli Linnehan, Assist from Sydney Hilley",-1.0,-1.0,1,COMPLETED,27,Attack,Play 163 - 767 - Attack - Kill - 6520b88d5671410806716855,767,False,False,False,True,False,False,False,False,False,False,False,False,False,False,False,False,386,11,383,14,386
2023,485,2,168,[Team Gold] Attack Error by Bethania De La Cruz,-1.0,-1.0,1,COMPLETED,28,Attack,Play 168 - 128 - Attack - Error - 6520b8b25671410806716923,128,False,False,False,False,True,False,False,False,False,False,False,False,False,False,False,False,386,12,383,14,386
2023,485,2,172,"[Team Gold] Attack by Bethania De La Cruz, Blocked by Sydney Hilley",-1.0,-1.0,1,COMPLETED,29,Attack,Play 172 - 128 - Attack - Error - 6520b8cd5671410806716930,128,False,False,False,False,True,False,False,False,False,False,False,False,False,False,False,False,386,13,383,14,386
2023,485,2,191,"[Team Gold] Kill by Willow Johnson, Assist from Alisha Childress",-1.0,-1.0,1,COMPLETED,30,Attack,Play 191 - 146 - Attack - Kill - 6520b90b5671410806716953,146,False,False,False,True,False,False,False,False,False,False,False,False,False,False,False,False,386,13,383,15,383
2023,485,2,193,[Team Gold] Service Error by Karis Watson,-1.0,-1.0,1,COMPLETED,31,Serve,Play 193 - 758 - Serve - Error - 6520b9ed567141080671697a,758,False,True,False,False,False,False,False,False,False,False,False,False,False,False,False,False,386,14,383,15,386
2023,485,2,207,"[Team Purple] Kill by Leah Edmond, Assist from Sydney Hilley",-1.0,-1.0,1,COMPLETED,32,Attack,Play 207 - 141 - Attack - Kill - 6520ba2b56714108067169be,141,False,False,False,True,False,False,False,False,False,False,False,False,False,False,False,False,386,15,383,15,386
2023,485,2,211,"[Team Gold] Kill by Willow Johnson, Assist from Alisha Childress",-1.0,-1.0,1,COMPLETED,33,Attack,Play 211 - 146 - Attack - Kill - 6520ba3756714108067169c4,146,False,False,False,True,False,False,False,False,False,False,False,False,False,False,False,False,386,15,383,16,383
2023,485,2,213,[Team Gold] Service Error by Alisha Childress,-1.0,-1.0,1,COMPLETED,34,Serve,Play 213 - 259 - Serve - Error - 6520ba4756714108067169d4,259,False,True,False,False,False,False,False,False,False,False,False,False,False,False,False,False,386,16,383,16,386
2023,485,2,223,"[Team Gold] Attack by Willow Johnson, Blocked by Genesis Collazo",-1.0,-1.0,1,COMPLETED,35,Attack,Play 223 - 146 - Attack - Error - 6520baf556714108067169f9,146,False,False,False,False,True,False,False,False,False,False,False,False,False,False,False,False,386,17,383,16,386
2023,485,2,232,[Team Purple] Kill by Sydney Hilley,-1.0,-1.0,1,COMPLETED,36,Attack,Play 232 - 761 - Attack - Kill - 6520bb105671410806716a1a,761,False,False,False,True,False,False,False,False,False,False,False,False,False,False,False,False,386,18,383,16,386
2023,485,2,245,"[Team Purple] Kill by Alli Linnehan, Assist from Sydney Hilley",-1.0,-1.0,1,COMPLETED,37,Attack,Play 245 - 767 - Attack - Kill - 6520bb2f5671410806716a28,767,False,False,False,True,False,False,False,False,False,False,False,False,False,False,False,False,386,19,383,16,386
2023,485,2,263,"[Team Purple] Attack by Leah Edmond, Blocked by Kayla Caffey",-1.0,-1.0,1,COMPLETED,38,Attack,Play 263 - 141 - Attack - Error - 6520bb645671410806716a3b,141,False,False,False,False,True,False,False,False,False,False,False,False,False,False,False,False,386,19,383,17,383
2023,485,2,268,"[Team Purple] Attack by Leah Edmond, Blocked by Willow Johnson",-1.0,-1.0,1,COMPLETED,39,Attack,Play 268 - 141 - Attack - Error - 6520bb785671410806716a5d,141,False,False,False,False,True,False,False,False,False,False,False,False,False,False,False,False,386,19,383,18,383
2023,485,2,271,[Team Gold] Ace by Bethania De La Cruz,-1.0,-1.0,1,COMPLETED,40,Serve,Play 271 - 128 - Serve - Ace - 6520bb875671410806716a89,128,True,False,False,False,False,False,False,False,False,False,False,False,False,False,False,False,386,19,383,19,383
2023,485,2,279,"[Team Gold] Kill by Willow Johnson, Assist from Nomaris Velez Agosto",-1.0,-1.0,1,COMPLETED,41,Attack,Play 279 - 146 - Attack - Kill - 6520bbac5671410806716ac5,146,False,False,False,True,False,False,False,False,False,False,False,False,False,False,False,False,386,19,383,20,383
2023,485,2,283,"[Team Purple] Kill by Jenna Rosenthal, Assist from Sydney Hilley",-1.0,-1.0,1,COMPLETED,42,Attack,Play 283 - 223 - Attack - Kill - 6520bbc95671410806716ad1,223,False,False,False,True,False,False,False,False,False,False,False,False,False,False,False,False,386,20,383,20,386
2023,485,2,287,"[Team Gold] Kill by Willow Johnson, Assist from Alisha Childress",-1.0,-1.0,1,COMPLETED,43,Attack,Play 287 - 146 - Attack - Kill - 6520bbda5671410806716ae7,146,False,False,False,True,False,False,False,False,False,False,False,False,False,False,False,False,386,20,383,21,383
2023,485,2,300,[Team Purple] Attack Error by Leah Edmond,-1.0,-1.0,1,COMPLETED,44,Attack,Play 300 - 141 - Attack - Error - 6520bbff5671410806716af9,141,False,False,False,False,True,False,False,False,False,False,False,False,False,False,False,False,386,20,383,22,383
2023,485,2,309,"[Team Purple] Kill by Alli Linnehan, Assist from Sydney Hilley",-1.0,-1.0,1,COMPLETED,45,Attack,Play 309 - 767 - Attack - Kill - 6520bc2c5671410806716b5c,767,False,False,False,True,False,False,False,False,False,False,False,False,False,False,False,False,386,21,383,22,386
2023,485,2,310,[Team Purple] Substitution: Taylor Bruns Tegenrot in for Jenna Rosenthal,-1.0,-1.0,1,COMPLETED,45,SUBSTITUTION,Play 310 - None - None - 17 in for 16,,False,False,False,False,False,False,False,False,False,False,False,False,False,False,False,False,386,33,383,31,-1
2023,485,2,321,"[Team Gold] Kill by Willow Johnson, Assist from Alisha Childress",-1.0,-1.0,1,COMPLETED,47,Attack,Play 321 - 146 - Attack - Kill - 6520bc4a5671410806716b67,146,False,False,False,True,False,False,False,False,False,False,False,False,False,False,False,False,386,21,383,23,383
2023,485,2,323,[Team Purple] Substitution: Jenna Rosenthal in for Taylor Bruns Tegenrot,-1.0,-1.0,1,COMPLETED,47,SUBSTITUTION,Play 323 - None - None - 16 in for 17,,False,False,False,False,False,False,False,False,False,False,False,False,False,False,False,False,386,33,383,31,-1
2023,485,2,339,"[Team Purple] Kill by Alli Linnehan, Assist from Genesis Collazo",-1.0,-1.0,1,COMPLETED,49,Attack,Play 339 - 767 - Attack - Kill - 6520bc825671410806716b7f,767,False,False,False,True,False,False,False,False,False,False,False,False,False,False,False,False,386,22,383,23,386
2023,485,2,343,[Team Purple] Kill by Danielle Hart,-1.0,-1.0,1,COMPLETED,50,Attack,Play 343 - 756 - Attack - Kill - 6520bc8a5671410806716b83,756,False,False,False,True,False,False,False,False,False,False,False,False,False,False,False,False,386,23,383,23,386
2023,485,2,347,"[Team Gold] Kill by Lindsey Vander Weide, Assist from Alisha Childress",-1.0,-1.0,1,COMPLETED,52,Attack,Play 347 - 766 - Attack - Kill - 6520bd765671410806716c06,766,False,False,False,True,False,False,False,False,False,False,False,False,False,False,False,False,386,23,383,24,383
2023,485,2,358,"[Team Purple] Kill by Alli Linnehan, Assist from Sydney Hilley",-1.0,-1.0,1,COMPLETED,53,Attack,Play 358 - 767 - Attack - Kill - 6520bda65671410806716c12,767,False,False,False,True,False,False,False,False,False,False,False,False,False,False,False,False,386,24,383,24,386
2023,485,2,379,"[Team Purple] Kill by Leah Edmond, Assist from Morgan Hentz",-1.0,-1.0,1,COMPLETED,54,Attack,Play 379 - 141 - Attack - Kill - 6520bde65671410806716c28,141,False,False,False,True,False,False,False,False,False,False,False,False,False,False,False,False,386,25,383,24,386
2023,485,2,395,"[Team Gold] Kill by Willow Johnson, Assist from Alisha Childress",-1.0,-1.0,1,COMPLETED,55,Attack,Play 395 - 146 - Attack - Kill - 6520be215671410806716c3a,146,False,False,False,True,False,False,False,False,False,False,False,False,False,False,False,False,386,25,383,25,383
2023,485,2,397,[Team Gold] Substitution: Gabby Blossom in for Karis Watson,-1.0,-1.0,1,COMPLETED,55,SUBSTITUTION,Play 397 - None - None - 31 in for 48,,False,False,False,False,False,False,False,False,False,False,False,False,False,False,False,False,386,33,383,31,-1
2023,485,2,401,"[Team Purple] Kill by Danielle Hart, Assist from Sydney Hilley",-1.0,-1.0,1,COMPLETED,57,Attack,Play 401 - 756 - Attack - Kill - 6520be465671410806716e26,756,False,False,False,True,False,False,False,False,False,False,False,False,False,False,False,False,386,26,383,25,386
2023,485,2,403,[Team Gold] Substitution: Karis Watson in for Gabby Blossom,-1.0,-1.0,1,COMPLETED,57,SUBSTITUTION,Play 403 - None - None - 48 in for 31,,False,False,False,False,False,False,False,False,False,False,False,False,False,False,False,False,386,33,383,31,-1
2023,485,2,407,"[Team Gold] Kill by Bethania De La Cruz, Assist from Alisha Childress",-1.0,-1.0,1,COMPLETED,59,Attack,Play 407 - 128 - Attack - Kill - 6520be525671410806716e2c,128,False,False,False,True,False,False,False,False,False,False,False,False,False,False,False,False,386,26,383,26,383
2023,485,2,412,"[Team Purple] Kill by Leah Edmond, Assist from Sydney Hilley",-1.0,-1.0,1,COMPLETED,60,Attack,Play 412 - 141 - Attack - Kill - 6520be605671410806716e32,141,False,False,False,True,False,False,False,False,False,False,False,False,False,False,False,False,386,27,383,26,386
2023,485,2,416,"[Team Gold] Kill by Bethania De La Cruz, Assist from Alisha Childress",-1.0,-1.0,1,COMPLETED,61,Attack,Play 416 - 128 - Attack - Kill - 6520be705671410806716e37,128,False,False,False,True,False,False,False,False,False,False,False,False,False,False,False,False,386,27,383,27,383
2023,485,2,423,"[Team Gold] Kill by Bethania De La Cruz, Assist from Alisha Childress",-1.0,-1.0,1,COMPLETED,62,Attack,Play 423 - 128 - Attack - Kill - 6520be8c5671410806716e73,128,False,False,False,True,False,False,False,False,False,False,False,False,False,False,False,False,386,27,383,28,383
2023,485,2,428,"[Team Purple] Kill by Genesis Collazo, Assist from Sydney Hilley",-1.0,-1.0,1,COMPLETED,63,Attack,Play 428 - 768 - Attack - Kill - 6520be9e5671410806716e8a,768,False,False,False,True,False,False,False,False,False,False,False,False,False,False,False,False,386,28,383,28,386
2023,485,2,431,[Team Purple] Kill by Jenna Rosenthal,-1.0,-1.0,1,COMPLETED,64,Attack,Play 431 - 223 - Attack - Kill - 6520beb85671410806716e92,223,False,False,False,True,False,False,False,False,False,False,False,False,False,False,False,False,386,29,383,28,386
2023,485,2,439,"[Team Purple] Attack by Alli Linnehan, Blocked by Willow Johnson",-1.0,-1.0,1,COMPLETED,65,Attack,Play 439 - 767 - Attack - Error - 6520bee15671410806716e9b,767,False,False,False,False,True,False,False,False,False,False,False,False,False,False,False,False,386,29,383,29,383
2023,485,2,444,[Team Purple] Attack Error by Genesis Collazo,-1.0,-1.0,1,COMPLETED,66,Attack,Play 444 - 768 - Attack - Error - 6520bef45671410806716ea1,768,False,False,False,False,True,False,False,False,False,False,False,False,False,False,False,False,386,29,383,30,383
2023,485,2,448,"[Team Purple] Kill by Alli Linnehan, Assist from Sydney Hilley",-1.0,-1.0,1,COMPLETED,67,Attack,Play 448 - 767 - Attack - Kill - 6520bf8c5671410806716eb3,767,False,False,False,True,False,False,False,False,False,False,False,False,False,False,False,False,386,30,383,30,386
2023,485,2,450,[Team Purple] Substitution: Taylor Bruns Tegenrot in for Jenna Rosenthal,-1.0,-1.0,1,COMPLETED,67,SUBSTITUTION,Play 450 - None - None - 17 in for 16,,False,False,False,False,False,False,False,False,False,False,False,False,False,False,False,False,386,33,383,31,-1
2023,485,2,457,"[Team Purple] Kill by Alli Linnehan, Assist from Sydney Hilley",-1.0,-1.0,1,COMPLETED,69,Attack,Play 457 - 767 - Attack - Kill - 6520bfa45671410806716ebc,767,False,False,False,True,False,False,False,False,False,False,False,False,False,False,False,False,386,31,383,30,386
2023,485,2,461,"[Team Gold] Kill by Willow Johnson, Assist from Alisha Childress",-1.0,-1.0,1,COMPLETED,70,Attack,Play 461 - 146 - Attack - Kill - 6520bfc35671410806716ec1,146,False,False,False,True,False,False,False,False,False,False,False,False,False,False,False,False,386,31,383,31,383
2023,485,2,476,"[Team Purple] Kill by Alli Linnehan, Assist from Sydney Hilley",-1.0,-1.0,1,COMPLETED,71,Attack,Play 476 - 767 - Attack - Kill - 6520c0245671410806716ede,767,False,False,False,True,False,False,False,False,False,False,False,False,False,False,False,False,386,32,383,31,386
2023,485,2,485,"[Team Gold] Attack by Lindsey Vander Weide, Blocked by Danielle Hart",-1.0,-1.0,1,COMPLETED,72,Attack,Play 485 - 766 - Attack - Error - 6520c0485671410806716eea,766,False,False,False,False,True,False,False,False,False,False,False,False,False,False,False,False,386,33,383,31,386
2023,485,2,487,End Set 1,-1.0,-1.0,1,COMPLETED,,SET_COMPLETED,Play 487 - None - None,,False,False,False,False,False,False,False,False,False,False,False,False,False,False,False,False,386,33,383,31,-1
2023,485,2,498,"[Team Gold] Kill by Lindsey Vander Weide, Assist from Alisha Childress",-1.0,-1.0,2,COMPLETED,2,Attack,Play 498 - 766 - Attack - Kill - 6520c1ce5671410806716f6e,766,False,False,False,True,False,False,False,False,False,False,False,False,False,False,False,False,386,0,383,1,383
2023,485,2,503,"[Team Purple] Kill by Danielle Hart, Assist from Sydney Hilley",-1.0,-1.0,2,COMPLETED,3,Attack,Play 503 - 756 - Attack - Kill - 6520c1e95671410806716f98,756,False,False,False,True,False,False,False,False,False,False,False,False,False,False,False,False,386,1,383,1,386
2023,485,2,516,"[Team Gold] Kill by Karis Watson, Assist from Alisha Childress",-1.0,-1.0,2,COMPLETED,4,Attack,Play 516 - 758 - Attack - Kill - 6520c21f5671410806716faa,758,False,False,False,True,False,False,False,False,False,False,False,False,False,False,False,False,386,1,383,2,383
2023,485,2,517,[Team Gold] Substitution: Gabby Blossom in for Karis Watson,-1.0,-1.0,2,COMPLETED,4,SUBSTITUTION,Play 517 - None - None - 31 in for 48,,False,False,False,False,False,False,False,False,False,False,False,False,False,False,False,False,386,19,383,25,-1
2023,485,2,531,[Team Gold] Attack Error by Bethania De La Cruz,-1.0,-1.0,2,COMPLETED,6,Attack,Play 531 - 128 - Attack - Error - 6520c2585671410806716fc6,128,False,False,False,False,True,False,False,False,False,False,False,False,False,False,False,False,386,2,383,2,386
2023,485,2,532,[Team Gold] Substitution: Karis Watson in for Gabby Blossom,-1.0,-1.0,2,COMPLETED,6,SUBSTITUTION,Play 532 - None - None - 48 in for 31,,False,False,False,False,False,False,False,False,False,False,False,False,False,False,False,False,386,19,383,25,-1
2023,485,2,536,"[Team Gold] Attack by Kayla Caffey, Blocked by Leah Edmond",-1.0,-1.0,2,COMPLETED,8,Attack,Play 536 - 823 - Attack - Error - 6520c2795671410806717003,823,False,False,False,False,True,False,False,False,False,False,False,False,False,False,False,False,386,3,383,2,386
2023,485,2,542,"[Team Gold] Kill by Bethania De La Cruz, Assist from Alisha Childress",-1.0,-1.0,2,COMPLETED,9,Attack,Play 542 - 128 - Attack - Kill - 6520c28e567141080671700f,128,False,False,False,True,False,False,False,False,False,False,False,False,False,False,False,False,386,3,383,3,383
2023,485,2,547,"[Team Purple] Kill by Leah Edmond, Assist from Sydney Hilley",-1.0,-1.0,2,COMPLETED,10,Attack,Play 547 - 141 - Attack - Kill - 6520c29d5671410806717015,141,False,False,False,True,False,False,False,False,False,False,False,False,False,False,False,False,386,4,383,3,386
2023,485,2,548,[Team Purple] Service Error by Leah Edmond,-1.0,-1.0,2,COMPLETED,11,Serve,Play 548 - 141 - Serve - Error - 6520c2a15671410806717017,141,False,True,False,False,False,False,False,False,False,False,False,False,False,False,False,False,386,4,383,4,383
2023,485,2,552,"[Team Purple] Kill by Jenna Rosenthal, Assist from Sydney Hilley",-1.0,-1.0,2,COMPLETED,12,Attack,Play 552 - 223 - Attack - Kill - 6520c2bb567141080671701d,223,False,False,False,True,False,False,False,False,False,False,False,False,False,False,False,False,386,5,383,4,386
2023,485,2,557,"[Team Gold] Kill by Kayla Caffey, Assist from Alisha Childress",-1.0,-1.0,2,COMPLETED,13,Attack,Play 557 - 823 - Attack - Kill - 6520c2d05671410806717023,823,False,False,False,True,False,False,False,False,False,False,False,False,False,False,False,False,386,5,383,5,383
2023,485,2,566,"[Team Gold] Kill by Karis Watson, Assist from Kayla Caffey",-1.0,-1.0,2,COMPLETED,14,Attack,Play 566 - 758 - Attack - Kill - 6520c3005671410806717030,758,False,False,False,True,False,False,False,False,False,False,False,False,False,False,False,False,386,5,383,6,383
2023,485,2,574,"[Team Purple] Kill by Alli Linnehan, Assist from Sydney Hilley",-1.0,-1.0,2,COMPLETED,15,Attack,Play 574 - 767 - Attack - Kill - 6520c3185671410806717039,767,False,False,False,True,False,False,False,False,False,False,False,False,False,False,False,False,386,6,383,6,386
2023,485,2,582,"[Team Gold] Kill by Karis Watson, Assist from Alisha Childress",-1.0,-1.0,2,COMPLETED,16,Attack,Play 582 - 758 - Attack - Kill - 6520c3325671410806717042,758,False,False,False,True,False,False,False,False,False,False,False,False,False,False,False,False,386,6,383,7,383
2023,485,2,592,"[Team Purple] Kill by Alli Linnehan, Assist from Sydney Hilley",-1.0,-1.0,2,COMPLETED,17,Attack,Play 592 - 767 - Attack - Kill - 6520c359567141080671704d,767,False,False,False,True,False,False,False,False,False,False,False,False,False,False,False,False,386,7,383,7,386
2023,485,2,599,"[Team Purple] Kill by Leah Edmond, Assist from Sydney Hilley",-1.0,-1.0,2,COMPLETED,18,Attack,Play 599 - 141 - Attack - Kill - 6520c3735671410806717055,141,False,False,False,True,False,False,False,False,False,False,False,False,False,False,False,False,386,8,383,7,386
2023,485,2,600,[Team Purple] Service Error by Alli Linnehan,-1.0,-1.0,2,COMPLETED,19,Serve,Play 600 - 767 - Serve - Error - 6520c394567141080671706c,767,False,True,False,False,False,False,False,False,False,False,False,False,False,False,False,False,386,8,383,8,383
2023,485,2,604,"[Team Purple] Kill by Leah Edmond, Assist from Sydney Hilley",-1.0,-1.0,2,COMPLETED,20,Attack,Play 604 - 141 - Attack - Kill - 6520c3a15671410806717071,141,False,False,False,True,False,False,False,False,False,False,False,False,False,False,False,False,386,9,383,8,386
2023,485,2,606,[Team Purple] Service Error by Danielle Hart,-1.0,-1.0,2,COMPLETED,21,Serve,Play 606 - 756 - Serve - Error - 6520c3aa5671410806717074,756,False,True,False,False,False,False,False,False,False,False,False,False,False,False,False,False,386,9,383,9,383
2023,485,2,607,[Team Gold] Substitution: Gabby Blossom in for Karis Watson,-1.0,-1.0,2,COMPLETED,21,SUBSTITUTION,Play 607 - None - None - 31 in for 48,,False,False,False,False,False,False,False,False,False,False,False,False,False,False,False,False,386,19,383,25,-1
2023,485,2,611,[Team Purple] Attack Error by Jenna Rosenthal,-1.0,-1.0,2,COMPLETED,23,Attack,Play 611 - 223 - Attack - Error - 6520c3c75671410806717079,223,False,False,False,False,True,False,False,False,False,False,False,False,False,False,False,False,386,9,383,10,383
2023,485,2,615,"[Team Purple] Kill by Leah Edmond, Assist from Sydney Hilley",-1.0,-1.0,2,COMPLETED,24,Attack,Play 615 - 141 - Attack - Kill - 6520c41c5671410806717080,141,False,False,False,True,False,False,False,False,False,False,False,False,False,False,False,False,386,10,383,10,386
2023,485,2,616,[Team Gold] Substitution: Karis Watson in for Gabby Blossom,-1.0,-1.0,2,COMPLETED,24,SUBSTITUTION,Play 616 - None - None - 48 in for 31,,False,False,False,False,False,False,False,False,False,False,False,False,False,False,False,False,386,19,383,25,-1
2023,485,2,619,"[Team Gold] Kill by Alisha Childress, Assist from Bethania De La Cruz",-1.0,-1.0,2,COMPLETED,26,Attack,Play 619 - 259 - Attack - Kill - 6520c44b567141080671708a,259,False,False,False,True,False,False,False,False,False,False,False,False,False,False,False,False,386,10,383,11,383
2023,485,2,629,"[Team Gold] Kill by Willow Johnson, Assist from Alisha Childress",-1.0,-1.0,2,COMPLETED,27,Attack,Play 629 - 146 - Attack - Kill - 6520c46c567141080671709b,146,False,False,False,True,False,False,False,False,False,False,False,False,False,False,False,False,386,10,383,12,383
2023,485,2,634,"[Team Purple] Kill by Jenna Rosenthal, Assist from Sydney Hilley",-1.0,-1.0,2,COMPLETED,28,Attack,Play 634 - 223 - Attack - Kill - 6520c48956714108067170c6,223,False,False,False,True,False,False,False,False,False,False,False,False,False,False,False,False,386,11,383,12,386
2023,485,2,635,[Team Purple] Ace by Leah Edmond,-1.0,-1.0,2,COMPLETED,29,Serve,Play 635 - 141 - Serve - Ace - 6520c49156714108067170c8,141,True,False,False,False,False,False,False,False,False,False,False,False,False,False,False,False,386,12,383,12,386
2023,485,2,640,"[Team Gold] Attack by Kayla Caffey, Blocked by Jenna Rosenthal",-1.0,-1.0,2,COMPLETED,30,Attack,Play 640 - 823 - Attack - Error - 6520c49f56714108067170ce,823,False,False,False,False,True,False,False,False,False,False,False,False,False,False,False,False,386,13,383,12,386
2023,485,2,645,"[Team Gold] Kill by Willow Johnson, Assist from Alisha Childress",-1.0,-1.0,2,COMPLETED,31,Attack,Play 645 - 146 - Attack - Kill - 6520c4af56714108067170d3,146,False,False,False,True,False,False,False,False,False,False,False,False,False,False,False,False,386,13,383,13,383
2023,485,2,650,"[Team Purple] Attack by Jenna Rosenthal, Blocked by Kayla Caffey",-1.0,-1.0,2,COMPLETED,32,Attack,Play 650 - 223 - Attack - Error - 6520c598567141080671710b,223,False,False,False,False,True,False,False,False,False,False,False,False,False,False,False,False,386,13,383,14,383
2023,485,2,659,"[Team Gold] Kill by Willow Johnson, Assist from Alisha Childress",-1.0,-1.0,2,COMPLETED,33,Attack,Play 659 - 146 - Attack - Kill - 6520c5b75671410806717118,146,False,False,False,True,False,False,False,False,False,False,False,False,False,False,False,False,386,13,383,15,383
2023,485,2,666,"[Team Gold] Kill by Lindsey Vander Weide, Assist from Alisha Childress",-1.0,-1.0,2,COMPLETED,34,Attack,Play 666 - 766 - Attack - Kill - 6520c6975671410806717154,766,False,False,False,True,False,False,False,False,False,False,False,False,False,False,False,False,386,13,383,16,383
2023,485,2,672,"[Team Gold] Kill by Kayla Caffey, Assist from Alisha Childress",-1.0,-1.0,2,COMPLETED,35,Attack,Play 672 - 823 - Attack - Kill - 6520c6aa5671410806717167,823,False,False,False,True,False,False,False,False,False,False,False,False,False,False,False,False,386,13,383,17,383
2023,485,2,676,"[Team Purple] Kill by Alli Linnehan, Assist from Sydney Hilley",-1.0,-1.0,2,COMPLETED,36,Attack,Play 676 - 767 - Attack - Kill - 6520c6c65671410806717178,767,False,False,False,True,False,False,False,False,False,False,False,False,False,False,False,False,386,14,383,17,386
2023,485,2,678,[Team Purple] Service Error by Jenna Rosenthal,-1.0,-1.0,2,COMPLETED,37,Serve,Play 678 - 223 - Serve - Error - 6520c6dc5671410806717180,223,False,True,False,False,False,False,False,False,False,False,False,False,False,False,False,False,386,14,383,18,383
2023,485,2,685,"[Team Gold] Kill by Willow Johnson, Assist from Karis Watson",-1.0,-1.0,2,COMPLETED,38,Attack,Play 685 - 146 - Attack - Kill - 6520c6f65671410806717188,146,False,False,False,True,False,False,False,False,False,False,False,False,False,False,False,False,386,14,383,19,383
2023,485,2,689,"[Team Purple] Kill by Alli Linnehan, Assist from Sydney Hilley",-1.0,-1.0,2,COMPLETED,39,Attack,Play 689 - 767 - Attack - Kill - 6520c70c567141080671719b,767,False,False,False,True,False,False,False,False,False,False,False,False,False,False,False,False,386,15,383,19,386
2023,485,2,693,"[Team Gold] Kill by Willow Johnson, Assist from Alisha Childress",-1.0,-1.0,2,COMPLETED,40,Attack,Play 693 - 146 - Attack - Kill - 6520c74256714108067171a7,146,False,False,False,True,False,False,False,False,False,False,False,False,False,False,False,False,386,15,383,20,383
2023,485,2,695,[Team Gold] Service Error by Willow Johnson,-1.0,-1.0,2,COMPLETED,41,Serve,Play 695 - 146 - Serve - Error - 6520c75256714108067171b4,146,False,True,False,False,False,False,False,False,False,False,False,False,False,False,False,False,386,16,383,20,386
2023,485,2,699,"[Team Gold] Kill by Karis Watson, Assist from Alisha Childress",-1.0,-1.0,2,COMPLETED,42,Attack,Play 699 - 758 - Attack - Kill - 6520c76c56714108067171b9,758,False,False,False,True,False,False,False,False,False,False,False,False,False,False,False,False,386,16,383,21,383
2023,485,2,704,"[Team Purple] Kill by Danielle Hart, Assist from Sydney Hilley",-1.0,-1.0,2,COMPLETED,43,Attack,Play 704 - 756 - Attack - Kill - 6520c78956714108067172c4,756,False,False,False,True,False,False,False,False,False,False,False,False,False,False,False,False,386,17,383,21,386
2023,485,2,706,[Team Purple] Substitution: Taylor Bruns Tegenrot in for Danielle Hart,-1.0,-1.0,2,COMPLETED,43,SUBSTITUTION,Play 706 - None - None - 17 in for 3,,False,False,False,False,False,False,False,False,False,False,False,False,False,False,False,False,386,19,383,25,-1
2023,485,2,710,"[Team Gold] Kill by Bethania De La Cruz, Assist from Alisha Childress",-1.0,-1.0,2,COMPLETED,45,Attack,Play 710 - 128 - Attack - Kill - 6520c7b756714108067172cb,128,False,False,False,True,False,False,False,False,False,False,False,False,False,False,False,False,386,17,383,22,383
2023,485,2,712,[Team Purple] Substitution: Danielle Hart in for Taylor Bruns Tegenrot,-1.0,-1.0,2,COMPLETED,45,SUBSTITUTION,Play 712 - None - None - 3 in for 17,,False,False,False,False,False,False,False,False,False,False,False,False,False,False,False,False,386,19,383,25,-1
2023,485,2,719,"[Team Gold] Kill by Bethania De La Cruz, Assist from Alisha Childress",-1.0,-1.0,2,COMPLETED,47,Attack,Play 719 - 128 - Attack - Kill - 6520c7d456714108067172d5,128,False,False,False,True,False,False,False,False,False,False,False,False,False,False,False,False,386,17,383,23,383
2023,485,2,721,[Team Gold] Substitution: Gabby Blossom in for Karis Watson,-1.0,-1.0,2,COMPLETED,48,SUBSTITUTION,Play 721 - None - None - 31 in for 48,,False,False,False,False,False,False,False,False,False,False,False,False,False,False,False,False,386,19,383,25,-1
2023,485,2,725,"[Team Purple] Kill by Jenna Rosenthal, Assist from Sydney Hilley",-1.0,-1.0,2,COMPLETED,50,Attack,Play 725 - 223 - Attack - Kill - 6520c88656714108067172e4,223,False,False,False,True,False,False,False,False,False,False,False,False,False,False,False,False,386,18,383,23,386
2023,485,2,729,"[Team Gold] Kill by Bethania De La Cruz, Assist from Alisha Childress",-1.0,-1.0,2,COMPLETED,51,Attack,Play 729 - 128 - Attack - Kill - 6520c8a156714108067172e9,128,False,False,False,True,False,False,False,False,False,False,False,False,False,False,False,False,386,18,383,24,383
2023,485,2,738,"[Team Purple] Kill by Leah Edmond, Assist from Morgan Hentz",-1.0,-1.0,2,COMPLETED,52,Attack,Play 738 - 141 - Attack - Kill - 6520c8ca56714108067172f7,141,False,False,False,True,False,False,False,False,False,False,False,False,False,False,False,False,386,19,383,24,386
2023,485,2,743,"[Team Gold] Kill by Bethania De La Cruz, Assist from Alisha Childress",-1.0,-1.0,2,COMPLETED,53,Attack,Play 743 - 128 - Attack - Kill - 6520c8d656714108067172fd,128,False,False,False,True,False,False,False,False,False,False,False,False,False,False,False,False,386,19,383,25,383
2023,485,2,744,End Set 2,-1.0,-1.0,2,COMPLETED,,SET_COMPLETED,Play 744 - None - None,,False,False,False,False,False,False,False,False,False,False,False,False,False,False,False,False,386,19,383,25,-1
2023,485,2,751,"[Team Gold] Attack by Willow Johnson, Blocked by Genesis Collazo",-1.0,-1.0,3,COMPLETED,2,Attack,Play 751 - 146 - Attack - Error - 6520ca605671410806717324,146,False,False,False,False,True,False,False,False,False,False,False,False,False,False,False,False,386,1,383,0,386
2023,485,2,757,"[Team Gold] Kill by Karis Watson, Assist from Alisha Childress",-1.0,-1.0,3,COMPLETED,3,Attack,Play 757 - 758 - Attack - Kill - 6520ca80567141080671733c,758,False,False,False,True,False,False,False,False,False,False,False,False,False,False,False,False,386,2,383,0,386
2023,485,2,761,"[Team Gold] Attack by Karis Watson, Blocked by Alli Linnehan",-1.0,-1.0,3,COMPLETED,3,Attack,Play 761 - 758 - Attack - Error - 6520ca805671410806717340,758,False,False,False,False,True,False,False,False,False,False,False,False,False,False,False,False,386,2,383,0,386
2023,485,2,778,"[Team Gold] Kill by Bethania De La Cruz, Assist from Alisha Childress",-1.0,-1.0,3,COMPLETED,4,Attack,Play 778 - 128 - Attack - Kill - 6520caac567141080671735b,128,False,False,False,True,False,False,False,False,False,False,False,False,False,False,False,False,386,2,383,1,383
2023,485,2,780,[Team Gold] Substitution: Gabby Blossom in for Karis Watson,-1.0,-1.0,3,COMPLETED,4,SUBSTITUTION,Play 780 - None - None - 31 in for 48,,False,False,False,False,False,False,False,False,False,False,False,False,False,False,False,False,386,25,383,17,-1
2023,485,2,787,"[Team Gold] Kill by Bethania De La Cruz, Assist from Alisha Childress",-1.0,-1.0,3,COMPLETED,6,Attack,Play 787 - 128 - Attack - Kill - 6520cacb5671410806717365,128,False,False,False,True,False,False,False,False,False,False,False,False,False,False,False,False,386,2,383,2,383
2023,485,2,795,"[Team Purple] Kill by Jenna Rosenthal, Assist from Sydney Hilley",-1.0,-1.0,3,COMPLETED,7,Attack,Play 795 - 223 - Attack - Kill - 6520caea567141080671736e,223,False,False,False,True,False,False,False,False,False,False,False,False,False,False,False,False,386,3,383,2,386
2023,485,2,797,[Team Gold] Substitution: Karis Watson in for Gabby Blossom,-1.0,-1.0,3,COMPLETED,7,SUBSTITUTION,Play 797 - None - None - 48 in for 31,,False,False,False,False,False,False,False,False,False,False,False,False,False,False,False,False,386,25,383,17,-1
2023,485,2,798,[Team Purple] Substitution: Taylor Bruns Tegenrot in for Jenna Rosenthal,-1.0,-1.0,3,COMPLETED,8,SUBSTITUTION,Play 798 - None - None - 17 in for 16,,False,False,False,False,False,False,False,False,False,False,False,False,False,False,False,False,386,25,383,17,-1
2023,485,2,805,"[Team Gold] Kill by Bethania De La Cruz, Assist from Alisha Childress",-1.0,-1.0,3,COMPLETED,10,Attack,Play 805 - 128 - Attack - Kill - 6520cb1a5671410806717399,128,False,False,False,True,False,False,False,False,False,False,False,False,False,False,False,False,386,3,383,3,383
2023,485,2,814,"[Team Purple] Kill by Genesis Collazo, Assist from Morgan Hentz",-1.0,-1.0,3,COMPLETED,11,Attack,Play 814 - 768 - Attack - Kill - 6520cb3656714108067173a3,768,False,False,False,True,False,False,False,False,False,False,False,False,False,False,False,False,386,4,383,3,386
2023,485,2,818,"[Team Gold] Kill by Kayla Caffey, Assist from Alisha Childress",-1.0,-1.0,3,COMPLETED,12,Attack,Play 818 - 823 - Attack - Kill - 6520cb5456714108067173b0,823,False,False,False,True,False,False,False,False,False,False,False,False,False,False,False,False,386,4,383,4,383
2023,485,2,836,"[Team Purple] Kill by Genesis Collazo, Assist from Sydney Hilley",-1.0,-1.0,3,COMPLETED,13,Attack,Play 836 - 768 - Attack - Kill - 6520cb8356714108067173c3,768,False,False,False,True,False,False,False,False,False,False,False,False,False,False,False,False,386,5,383,4,386
2023,485,2,841,"[Team Gold] Attack by Kayla Caffey, Blocked by Danielle Hart",-1.0,-1.0,3,COMPLETED,14,Attack,Play 841 - 823 - Attack - Error - 6520cb9c5671410806717408,823,False,False,False,False,True,False,False,False,False,False,False,False,False,False,False,False,386,6,383,4,386
2023,485,2,846,"[Team Gold] Attack by Lindsey Vander Weide, Blocked by Danielle Hart",-1.0,-1.0,3,COMPLETED,15,Attack,Play 846 - 766 - Attack - Error - 6520cbac567141080671740e,766,False,False,False,False,True,False,False,False,False,False,False,False,False,False,False,False,386,7,383,4,386
2023,485,2,851,"[Team Gold] Kill by Kayla Caffey, Assist from Alisha Childress",-1.0,-1.0,3,COMPLETED,16,Attack,Play 851 - 823 - Attack - Kill - 6520cbb65671410806717414,823,False,False,False,True,False,False,False,False,False,False,False,False,False,False,False,False,386,7,383,5,383
2023,485,2,852,[Team Gold] Service Error by Kayla Caffey,-1.0,-1.0,3,COMPLETED,17,Serve,Play 852 - 823 - Serve - Error - 6520cbc3567141080671741b,823,False,True,False,False,False,False,False,False,False,False,False,False,False,False,False,False,386,8,383,5,386
2023,485,2,860,[Team Purple] Attack Error by Genesis Collazo,-1.0,-1.0,3,COMPLETED,18,Attack,Play 860 - 768 - Attack - Error - 6520cbe35671410806717424,768,False,False,False,False,True,False,False,False,False,False,False,False,False,False,False,False,386,8,383,6,383
2023,485,2,868,"[Team Gold] Kill by Karis Watson, Assist from Alisha Childress",-1.0,-1.0,3,COMPLETED,19,Attack,Play 868 - 758 - Attack - Kill - 6520cc065671410806717435,758,False,False,False,True,False,False,False,False,False,False,False,False,False,False,False,False,386,8,383,7,383
2023,485,2,878,"[Team Purple] Kill by Leah Edmond, Assist from Sydney Hilley",-1.0,-1.0,3,COMPLETED,20,Attack,Play 878 - 141 - Attack - Kill - 6520cc2b5671410806717440,141,False,False,False,True,False,False,False,False,False,False,False,False,False,False,False,False,386,9,383,7,386
2023,485,2,885,[Team Purple] Attack Error by Leah Edmond,-1.0,-1.0,3,COMPLETED,21,Attack,Play 885 - 141 - Attack - Error - 6520cc465671410806717448,141,False,False,False,False,True,False,False,False,False,False,False,False,False,False,False,False,386,9,383,8,383
2023,485,2,886,[Team Purple] Substitution: Jenna Rosenthal in for Taylor Bruns Tegenrot,-1.0,-1.0,3,COMPLETED,21,SUBSTITUTION,Play 886 - None - None - 16 in for 17,,False,False,False,False,False,False,False,False,False,False,False,False,False,False,False,False,386,25,383,17,-1
2023,485,2,905,"[Team Purple] Kill by Alli Linnehan, Assist from Sydney Hilley",-1.0,-1.0,3,COMPLETED,23,Attack,Play 905 - 767 - Attack - Kill - 6520cc8d5671410806717465,767,False,False,False,True,False,False,False,False,False,False,False,False,False,False,False,False,386,10,383,8,386
2023,485,2,936,"[Team Purple] Kill by Alli Linnehan, Assist from Sydney Hilley",-1.0,-1.0,3,COMPLETED,25,Attack,Play 936 - 767 - Attack - Kill - 6520ccfb56714108067174a3,767,False,False,False,True,False,False,False,False,False,False,False,False,False,False,False,False,386,12,383,8,386
2023,485,2,944,"[Team Purple] Kill by Alli Linnehan, Assist from Sydney Hilley",-1.0,-1.0,3,COMPLETED,26,Attack,Play 944 - 767 - Attack - Kill - 6520cd2056714108067174ac,767,False,False,False,True,False,False,False,False,False,False,False,False,False,False,False,False,386,13,383,8,386
2023,485,2,954,[Team Gold] Kill by Alisha Childress,-1.0,-1.0,3,COMPLETED,28,Attack,Play 954 - 259 - Attack - Kill - 6520cde856714108067175c9,259,False,False,False,True,False,False,False,False,False,False,False,False,False,False,False,False,386,13,383,9,383
2023,485,2,955,[Team Gold] Substitution: Gabby Blossom in for Karis Watson,-1.0,-1.0,3,COMPLETED,28,SUBSTITUTION,Play 955 - None - None - 31 in for 48,,False,False,False,False,False,False,False,False,False,False,False,False,False,False,False,False,386,25,383,17,-1
2023,485,2,959,"[Team Purple] Kill by Jenna Rosenthal, Assist from Sydney Hilley",-1.0,-1.0,3,COMPLETED,30,Attack,Play 959 - 223 - Attack - Kill - 6520cdf556714108067175dd,223,False,False,False,True,False,False,False,False,False,False,False,False,False,False,False,False,386,14,383,9,386
2023,485,2,960,[Team Gold] Substitution: Karis Watson in for Gabby Blossom,-1.0,-1.0,3,COMPLETED,30,SUBSTITUTION,Play 960 - None - None - 48 in for 31,,False,False,False,False,False,False,False,False,False,False,False,False,False,False,False,False,386,25,383,17,-1
2023,485,2,961,[Team Purple] Substitution: Taylor Bruns Tegenrot in for Jenna Rosenthal,-1.0,-1.0,3,COMPLETED,31,SUBSTITUTION,Play 961 - None - None - 17 in for 16,,False,False,False,False,False,False,False,False,False,False,False,False,False,False,False,False,386,25,383,17,-1
2023,485,2,965,"[Team Gold] Kill by Bethania De La Cruz, Assist from Alisha Childress",-1.0,-1.0,3,COMPLETED,33,Attack,Play 965 - 128 - Attack - Kill - 6520ce1756714108067175e4,128,False,False,False,True,False,False,False,False,False,False,False,False,False,False,False,False,386,14,383,10,383
2023,485,2,967,[Team Purple] Substitution: Jenna Rosenthal in for Taylor Bruns Tegenrot,-1.0,-1.0,3,COMPLETED,33,SUBSTITUTION,Play 967 - None - None - 16 in for 17,,False,False,False,False,False,False,False,False,False,False,False,False,False,False,False,False,386,25,383,17,-1
2023,485,2,971,"[Team Purple] Kill by Alli Linnehan, Assist from Sydney Hilley",-1.0,-1.0,3,COMPLETED,35,Attack,Play 971 - 767 - Attack - Kill - 6520ce3856714108067175f5,767,False,False,False,True,False,False,False,False,False,False,False,False,False,False,False,False,386,15,383,10,386
2023,485,2,988,"[Team Purple] Kill by Alli Linnehan, Assist from Sydney Hilley",-1.0,-1.0,3,COMPLETED,36,Attack,Play 988 - 767 - Attack - Kill - 6520ce6a5671410806717623,767,False,False,False,True,False,False,False,False,False,False,False,False,False,False,False,False,386,16,383,10,386
2023,485,2,998,"[Team Gold] Kill by Willow Johnson, Assist from Alisha Childress",-1.0,-1.0,3,COMPLETED,37,Attack,Play 998 - 146 - Attack - Kill - 6520ce925671410806717637,146,False,False,False,True,False,False,False,False,False,False,False,False,False,False,False,False,386,16,383,11,383
2023,485,2,999,[Team Gold] Ace by Bethania De La Cruz,-1.0,-1.0,3,COMPLETED,38,Serve,Play 999 - 128 - Serve - Ace - 6520ce9c5671410806717639,128,True,False,False,False,False,False,False,False,False,False,False,False,False,False,False,False,386,16,383,12,383
2023,485,2,1001,[Team Gold] Ace by Bethania De La Cruz,-1.0,-1.0,3,COMPLETED,39,Serve,Play 1001 - 128 - Serve - Ace - 6520ceb4567141080671763c,128,True,False,False,False,False,False,False,False,False,False,False,False,False,False,False,False,386,16,383,13,383
2023,485,2,1006,"[Team Purple] Kill by Danielle Hart, Assist from Sydney Hilley",-1.0,-1.0,3,COMPLETED,40,Attack,Play 1006 - 756 - Attack - Kill - 6520cf305671410806717683,756,False,False,False,True,False,False,False,False,False,False,False,False,False,False,False,False,386,17,383,13,386
2023,485,2,1010,"[Team Gold] Kill by Lindsey Vander Weide, Assist from Alisha Childress",-1.0,-1.0,3,COMPLETED,41,Attack,Play 1010 - 766 - Attack - Kill - 6520cf5856714108067177c3,766,False,False,False,True,False,False,False,False,False,False,False,False,False,False,False,False,386,17,383,14,383
2023,485,2,1018,"[Team Gold] Kill by Willow Johnson, Assist from Bethania De La Cruz",-1.0,-1.0,3,COMPLETED,42,Attack,Play 1018 - 146 - Attack - Kill - 6520cf8856714108067177d2,146,False,False,False,True,False,False,False,False,False,False,False,False,False,False,False,False,386,17,383,15,383
2023,485,2,1023,"[Team Purple] Kill by Leah Edmond, Assist from Sydney Hilley",-1.0,-1.0,3,COMPLETED,43,Attack,Play 1023 - 141 - Attack - Kill - 6520cfaa56714108067177da,141,False,False,False,True,False,False,False,False,False,False,False,False,False,False,False,False,386,18,383,15,386
2023,485,2,1025,[Team Purple] Ace by Danielle Hart,-1.0,-1.0,3,COMPLETED,44,Serve,Play 1025 - 756 - Serve - Ace - 6520cfb556714108067177dd,756,True,False,False,False,False,False,False,False,False,False,False,False,False,False,False,False,386,19,383,15,386
2023,485,2,1038,"[Team Purple] Kill by Leah Edmond, Assist from Sydney Hilley",-1.0,-1.0,3,COMPLETED,45,Attack,Play 1038 - 141 - Attack - Kill - 6520cfda56714108067177e9,141,False,False,False,True,False,False,False,False,False,False,False,False,False,False,False,False,386,19,383,16,383
2023,485,2,1042,"[Team Purple] Kill by Jenna Rosenthal, Assist from Sydney Hilley",-1.0,-1.0,3,COMPLETED,46,Attack,Play 1042 - 223 - Attack - Kill - 6520d0075671410806717806,223,False,False,False,True,False,False,False,False,False,False,False,False,False,False,False,False,386,20,383,16,386
2023,485,2,1046,"[Team Gold] Attack by Karis Watson, Blocked by Leah Edmond",-1.0,-1.0,3,COMPLETED,47,Attack,Play 1046 - 758 - Attack - Error - 6520d01a5671410806717823,758,False,False,False,False,True,False,False,False,False,False,False,False,False,False,False,False,386,21,383,16,386
2023,485,2,1054,[Team Purple] Kill by Sydney Hilley,-1.0,-1.0,3,COMPLETED,48,Attack,Play 1054 - 761 - Attack - Kill - 6520d03f567141080671782c,761,False,False,False,True,False,False,False,False,False,False,False,False,False,False,False,False,386,22,383,16,386
2023,485,2,1060,"[Team Purple] Kill by Leah Edmond, Assist from Sydney Hilley",-1.0,-1.0,3,COMPLETED,49,Attack,Play 1060 - 141 - Attack - Kill - 6520d0675671410806717838,141,False,False,False,True,False,False,False,False,False,False,False,False,False,False,False,False,386,23,383,16,386
2023,485,2,1068,"[Team Purple] Kill by Jenna Rosenthal, Assist from Sydney Hilley",-1.0,-1.0,3,COMPLETED,51,Attack,Play 1068 - 223 - Attack - Kill - 6520d0e85671410806717848,223,False,False,False,True,False,False,False,False,False,False,False,False,False,False,False,False,386,24,383,16,386
2023,485,2,1072,"[Team Gold] Kill by Lindsey Vander Weide, Assist from Alisha Childress",-1.0,-1.0,3,COMPLETED,52,Attack,Play 1072 - 766 - Attack - Kill - 6520d0f6567141080671784d,766,False,False,False,True,False,False,False,False,False,False,False,False,False,False,False,False,386,24,383,17,383
2023,485,2,1077,"[Team Purple] Kill by Genesis Collazo, Assist from Sydney Hilley",-1.0,-1.0,3,COMPLETED,53,Attack,Play 1077 - 768 - Attack - Kill - 6520d10e5671410806717853,768,False,False,False,True,False,False,False,False,False,False,False,False,False,False,False,False,386,25,383,17,386
2023,485,2,1078,End Set 3,-1.0,-1.0,3,COMPLETED,,SET_COMPLETED,Play 1078 - None - None,,False,False,False,False,False,False,False,False,False,False,False,False,False,False,False,False,386,25,383,17,-1
