season,game_id,game_number,play_seq_num,narrative,home_team_id,home_team_score,away_team_id,away_team_score,offensive_team_id,offensive_team_score,defensive_team_id,defensive_team_score,inning,top_bottom_flag,outs,winning_team_id,action,hit_location,hit_location_description,batter_id,pitcher_id
2023,442,1,-1,Start of game,366,0,367,0,367,0,366,0,1,True,0,,,,,,
2023,442,1,1,V Hayward walked (3-0 BBBB).,366,0,367,0,367,0,366,0,1,True,0,,BB,0,,3,659
2023,442,1,2,"A Leach singled to pitcher, bunt (0-0); V Hayward advanced to second.",366,0,367,0,367,0,366,0,1,True,0,,1B 1 BU,1,pitcher,69,659
2023,442,1,3,C Clifton reached on a fielder's choice (1-2 BKF); A Leach out at second 2b to ss; V Hayward advanced to third.,366,0,367,0,367,0,366,0,1,True,0,,FC,0,,22,659
2023,442,1,4,"D Mulipola flied out to rf, SF, RBI (2-2 BKFB); V Hayward scored.",366,0,367,1,367,1,366,0,1,True,1,367,F9 SF RBI,9,,199,659
2023,442,1,5,T Vidales fouled out to 3b (0-2 FF).,366,0,367,1,367,1,366,0,1,True,2,367,FF5,5,,29,659
2023,442,1,6,"H McCleney homered to right field, RBI (3-2 BSBSB).",366,1,367,1,366,1,367,1,1,False,0,,HR 9 RBI,9,right field,28,10
2023,442,1,7,S Bates walked (3-0 BBBB).,366,1,367,1,366,1,367,1,1,False,0,,BB,0,,198,10
2023,442,1,8,"A Lorenz doubled to center field, RBI (0-1 K); S Bates scored.",366,2,367,1,366,2,367,1,1,False,0,366,2B 8 RBI,8,center field,159,10
2023,442,1,9,S Rhodes struck out swinging (1-2 BKFS).,366,2,367,1,366,2,367,1,1,False,0,366,KS,0,,297,10
2023,442,1,10,S Fischer grounded out to 3b (0-1 S).,366,2,367,1,366,2,367,1,1,False,1,366,53,5,,37,10
2023,442,1,11,D Gibson struck out looking (1-2 KBSFK).,366,2,367,1,366,2,367,1,1,False,2,366,KL,0,,308,10
2023,442,1,12,K Stewart-Hu lined out to 1b (1-1 BK).,366,2,367,1,367,1,366,2,2,True,0,366,L3,3,,38,659
2023,442,1,13,A Ocasio flied out to rf (2-2 KBFBF).,366,2,367,1,367,1,366,2,2,True,1,366,F9,9,,10,659
2023,442,1,14,C Gano singled up the middle (1-1 KB).,366,2,367,1,367,1,366,2,2,True,2,366,1B MI,8,middle,167,659
2023,442,1,15,J Jackson struck out swinging (0-2 KSS).,366,2,367,1,367,1,366,2,2,True,2,366,KS,0,,54,659
2023,442,1,16,R Garcia flied out to cf (1-0 B).,366,2,367,1,366,2,367,1,2,False,0,366,F8,8,,278,10
2023,442,1,17,S Palacios struck out looking (1-2 KFBK).,366,2,367,1,366,2,367,1,2,False,1,366,KL,0,,7,10
2023,442,1,18,A Ramirez struck out swinging (2-2 SBBFFS).,366,2,367,1,366,2,367,1,2,False,2,366,KS,0,,12,10
2023,442,1,19,V Hayward grounded out to p (0-2 KK).,366,2,367,1,367,1,366,2,3,True,0,366,13,1,,3,659
2023,442,1,20,"A Leach homered to right field, RBI (0-1 F).",366,2,367,2,367,2,366,2,3,True,1,,HR 9 RBI,9,right field,69,659
2023,442,1,21,C Clifton flied out to cf (2-0 BB).,366,2,367,2,367,2,366,2,3,True,1,,F8,8,,22,659
2023,442,1,22,D Mulipola flied out to cf (0-0).,366,2,367,2,367,2,366,2,3,True,2,,F8,8,,199,659
2023,442,1,23,H McCleney grounded out to p (0-1 K).,366,2,367,2,366,2,367,2,3,False,0,,13,1,,28,10
2023,442,1,24,S Bates struck out swinging (1-2 BSKS).,366,2,367,2,366,2,367,2,3,False,1,,KS,0,,198,10
2023,442,1,25,A Lorenz walked (3-1 BKBBB).,366,2,367,2,366,2,367,2,3,False,2,,BB,0,,159,10
2023,442,1,26,S Rhodes flied out to lf (0-0).,366,2,367,2,366,2,367,2,3,False,2,,F7,7,,297,10
2023,442,1,27,T Edwards to c for S Palacios.,366,2,367,2,367,2,366,2,4,True,0,,,,,,
2023,442,1,28,O Alexander to p for B Yanez.,366,2,367,2,367,2,366,2,4,True,0,,,,,,
2023,442,1,29,T Vidales doubled (2-1 BBF).,366,2,367,2,367,2,366,2,4,True,0,,2B,0,,29,169
2023,442,1,30,K Stewart-Hu singled to center field (0-0); T Vidales advanced to third.,366,2,367,2,367,2,366,2,4,True,0,,1B 8,8,center field,38,169
2023,442,1,31,"A Ocasio flied out to cf, SF, RBI (2-2 BKFBF); T Vidales scored.",366,2,367,3,367,3,366,2,4,True,0,367,F8 SF RBI,8,,10,169
2023,442,1,32,K Stewart-Hu advanced to second on a wild pitch.,366,2,367,3,367,3,366,2,4,True,1,367,,,,,
2023,442,1,33,"C Gano doubled, RBI (3-2 BBKBF); K Stewart-Hu scored.",366,2,367,4,367,4,366,2,4,True,1,367,2B RBI,0,,167,169
2023,442,1,34,J Jackson walked (3-2 BBBKFFFB).,366,2,367,4,367,4,366,2,4,True,1,367,BB,0,,54,169
2023,442,1,35,R Garcia to p.,366,2,367,4,367,4,366,2,4,True,1,367,,,,,
2023,442,1,36,/  for O Alexander.,366,2,367,4,367,4,366,2,4,True,1,367,,,,,
2023,442,1,37,V Hayward walked (3-2 BBFBSB); J Jackson advanced to second; C Gano advanced to third.,366,2,367,4,367,4,366,2,4,True,1,367,BB,0,,3,278
2023,442,1,38,A Leach struck out swinging (3-2 KBBBSS).,366,2,367,4,367,4,366,2,4,True,1,367,KS,0,,69,278
2023,442,1,39,"C Clifton hit by pitch, RBI (0-1 S); V Hayward advanced to second; J Jackson advanced to third; C Gano scored.",366,2,367,5,367,5,366,2,4,True,2,367,HBP RBI,0,,22,278
2023,442,1,40,D Mulipola struck out swinging (3-2 KFBBBFS).,366,2,367,5,367,5,366,2,4,True,2,367,KS,0,,199,278
2023,442,1,41,S Fischer walked (3-1 KBBBB).,366,2,367,5,366,2,367,5,4,False,0,367,BB,0,,37,10
2023,442,1,42,D Gibson singled up the middle (1-1 BK); S Fischer advanced to second.,366,2,367,5,366,2,367,5,4,False,0,367,1B MI,8,middle,308,10
2023,442,1,43,R Garcia lined into double play 2b to ss (1-0 B); S Fischer out on the play.,366,2,367,5,366,2,367,5,4,False,0,367,L46 DP,4,,278,10
2023,442,1,44,"T Edwards homered to left field, 2 RBI (0-0); D Gibson scored.",366,4,367,5,366,4,367,5,4,False,2,367,HR 7 RBI2,7,left field,46,10
2023,442,1,45,A Ocasio to rf.,366,4,367,5,366,4,367,5,4,False,2,367,,,,,
2023,442,1,46,M Faraimo to p for N Mendes.,366,4,367,5,366,4,367,5,4,False,2,367,,,,,
2023,442,1,47,L Piper pinch hit for A Ramirez.,366,4,367,5,366,4,367,5,4,False,2,367,,,,,
2023,442,1,48,L Piper grounded out to 2b (0-0).,366,4,367,5,366,4,367,5,4,False,2,367,43,4,,31,656
2023,442,1,49,A Ramirez to 2b for L Piper.,366,4,367,5,367,5,366,4,5,True,0,367,,,,,
2023,442,1,50,T Vidales struck out looking (2-2 BFFBK).,366,4,367,5,367,5,366,4,5,True,0,367,KL,0,,29,278
2023,442,1,51,K Stewart-Hu flied out to lf (0-2 KF).,366,4,367,5,367,5,366,4,5,True,1,367,F7,7,,38,278
2023,442,1,52,A Ocasio struck out swinging (2-2 BSBKS).,366,4,367,5,367,5,366,4,5,True,2,367,KS,0,,10,278
2023,442,1,53,H McCleney struck out swinging (1-2 KKBS).,366,4,367,5,366,4,367,5,5,False,0,367,KS,0,,28,656
2023,442,1,54,S Bates singled up the middle (0-2 FK).,366,4,367,5,366,4,367,5,5,False,1,367,1B MI,8,middle,198,656
2023,442,1,55,A Lorenz reached on a fielder's choice (3-2 KKBFBB); S Bates out at second ss to 2b.,366,4,367,5,366,4,367,5,5,False,1,367,FC,0,,159,656
2023,442,1,56,S Rhodes popped up to p (0-1 K).,366,4,367,5,366,4,367,5,5,False,2,367,P1,1,,297,656
2023,442,1,57,C Gano singled through the right side (1-1 KB).,366,4,367,5,367,5,366,4,6,True,0,367,1B RS,9,right side,167,278
2023,442,1,58,J Jackson struck out looking (1-2 KFBFK).,366,4,367,5,367,5,366,4,6,True,0,367,KL,0,,54,278
2023,442,1,59,V Hayward walked (3-2 FBBKBFB); C Gano advanced to second.,366,4,367,5,367,5,366,4,6,True,1,367,BB,0,,3,278
2023,442,1,60,A Leach grounded out to ss (1-2 SBFF); V Hayward advanced to second; C Gano advanced to third.,366,4,367,5,367,5,366,4,6,True,1,367,63,6,,69,278
2023,442,1,61,C Clifton hit by pitch (1-0 B).,366,4,367,5,367,5,366,4,6,True,2,367,HBP,0,,22,278
2023,442,1,62,D Mulipola popped up to 2b (0-0).,366,4,367,5,367,5,366,4,6,True,2,367,P4,4,,199,278
2023,442,1,63,K Stewart-Hu to dp.,366,4,367,5,366,4,367,5,6,False,0,367,,,,,
2023,442,1,64,C Gano to 3b.,366,4,367,5,366,4,367,5,6,False,0,367,,,,,
2023,442,1,65,S Fischer lined out to lf (3-1 BBFB).,366,4,367,5,366,4,367,5,6,False,0,367,L7,7,,37,656
2023,442,1,66,D Gibson flied out to lf (1-0 B).,366,4,367,5,366,4,367,5,6,False,1,367,F7,7,,308,656
2023,442,1,67,R Garcia flied out to lf (0-1 K).,366,4,367,5,366,4,367,5,6,False,2,367,F7,7,,278,656
2023,442,1,68,T Vidales popped up to 3b (1-0 B).,366,4,367,5,367,5,366,4,7,True,0,367,P5,5,,29,278
2023,442,1,69,K Stewart-Hu reached on a fielding error by p (0-0).,366,4,367,5,367,5,366,4,7,True,1,367,E1F,1,,38,278
2023,442,1,70,J Roberts pinch hit for A Ocasio.,366,4,367,5,367,5,366,4,7,True,1,367,,,,,
2023,442,1,71,J Roberts struck out swinging (1-2 BFFS).,366,4,367,5,367,5,366,4,7,True,1,367,KS,0,,34,278
2023,442,1,72,C Gano grounded out to 3b (1-1 BS).,366,4,367,5,367,5,366,4,7,True,2,367,53,5,,167,278
2023,442,1,73,A Ocasio to rf for J Roberts.,366,4,367,5,366,4,367,5,7,False,0,367,,,,,
2023,442,1,74,T Edwards singled to pitcher (2-2 BKBFFF).,366,4,367,5,366,4,367,5,7,False,0,367,1B 1,1,pitcher,46,656
2023,442,1,75,S Palacios pinch ran for T Edwards.,366,4,367,5,366,4,367,5,7,False,0,367,,,,,
2023,442,1,76,A Ramirez struck out looking (1-2 SBSK).,366,4,367,5,366,4,367,5,7,False,0,367,KL,0,,12,656
2023,442,1,77,H McCleney struck out swinging (3-2 BKBBSS).,366,4,367,5,366,4,367,5,7,False,1,367,KS,0,,28,656
2023,442,1,78,S Bates fouled out to lf (0-0).,366,4,367,5,366,4,367,5,7,False,2,367,FF7,7,,198,656
2023,443,2,-1,Start of game,366,0,368,0,368,0,366,0,1,True,0,,,,,,
2023,443,2,1,S McKinney flied out to cf (3-1 FBBB).,366,0,368,0,368,0,366,0,1,True,0,,F8,8,,655,658
2023,443,2,2,M Zerkle singled up the middle (1-1 BF).,366,0,368,0,368,0,366,0,1,True,1,,1B MI,8,middle,84,658
2023,443,2,3,"M Davidson homered to center field, 2 RBI (1-0 B); M Zerkle scored.",366,0,368,2,368,2,366,0,1,True,1,368,HR 8 RBI2,8,center field,310,658
2023,443,2,4,A Urtez walked (3-0 BBBB).,366,0,368,2,368,2,366,0,1,True,1,368,BB,0,,9,658
2023,443,2,5,A Urtez advanced to second on a wild pitch.,366,0,368,2,368,2,366,0,1,True,1,368,,,,,
2023,443,2,6,J Warren flied out to lf (3-2 BFBFB); A Urtez advanced to third.,366,0,368,2,368,2,366,0,1,True,1,368,F7,7,,30,658
2023,443,2,7,"M Wiggins singled to center field, RBI (3-2 BBKKBF); A Urtez scored.",366,0,368,3,368,3,366,0,1,True,2,368,1B 8 RBI,8,center field,48,658
2023,443,2,8,N Taylor struck out swinging (2-2 KKFFBBS).,366,0,368,3,368,3,366,0,1,True,2,368,KS,0,,39,658
2023,443,2,9,H McCleney flied out to rf (0-2 FF).,366,0,368,3,366,0,368,3,1,False,0,368,F9,9,,28,307
2023,443,2,10,A Lorenz grounded out to 2b (2-2 BKFB).,366,0,368,3,366,0,368,3,1,False,1,368,43,4,,159,307
2023,443,2,11,S Fischer struck out looking (0-2 FSK).,366,0,368,3,366,0,368,3,1,False,2,368,KL,0,,37,307
2023,443,2,12,B Yanez to p for E Hightower.,366,0,368,3,368,3,366,0,2,True,0,368,,,,,
2023,443,2,13,A Filler singled up the middle (3-2 KBKBFB).,366,0,368,3,368,3,366,0,2,True,0,368,1B MI,8,middle,305,659
2023,443,2,14,A Andrews struck out looking (1-2 KSBFK).,366,0,368,3,368,3,366,0,2,True,0,368,KL,0,,197,659
2023,443,2,15,S McKinney singled to second base (0-2 FS); A Filler advanced to second.,366,0,368,3,368,3,366,0,2,True,1,368,1B 4,4,second base,655,659
2023,443,2,16,M Zerkle grounded out to 2b (1-2 FBF); S McKinney advanced to second; A Filler advanced to third.,366,0,368,3,368,3,366,0,2,True,1,368,43,4,,84,659
2023,443,2,17,R Garcia to p.,366,0,368,3,368,3,366,0,2,True,2,368,,,,,
2023,443,2,18,/  for B Yanez.,366,0,368,3,368,3,366,0,2,True,2,368,,,,,
2023,443,2,19,M Davidson struck out swinging (0-2 FFFS).,366,0,368,3,368,3,366,0,2,True,2,368,KS,0,,310,278
2023,443,2,20,R Garcia struck out looking (1-2 FFBK).,366,0,368,3,366,0,368,3,2,False,0,368,KL,0,,278,307
2023,443,2,21,S Rhodes singled to left field (3-1 BBKB).,366,0,368,3,366,0,368,3,2,False,1,368,1B 7,7,left field,297,307
2023,443,2,22,"D Gibson hit into double play p to 1b to 3b, SAC, bunt (0-0); S Rhodes out on the play.",366,0,368,3,366,0,368,3,2,False,1,368,135 DP SAC BU,1,,308,307
2023,443,2,23,A Urtez flied out to cf (3-2 BFBFFFBF).,366,0,368,3,368,3,366,0,3,True,0,368,F8,8,,9,278
2023,443,2,24,"J Warren reached on a dropped fly by rf, advanced to second on the error (0-1 K).",366,0,368,3,368,3,366,0,3,True,1,368,E9D +E,9,,30,278
2023,443,2,25,M Wiggins walked (3-2 KKFBBFBFFB).,366,0,368,3,368,3,366,0,3,True,1,368,BB,0,,48,278
2023,443,2,26,N Taylor flied out to cf (1-1 FB).,366,0,368,3,368,3,366,0,3,True,1,368,F8,8,,39,278
2023,443,2,27,"A Filler singled to left field, RBI (2-2 BFBK); M Wiggins advanced to second; J Warren scored, unearned.",366,0,368,4,368,4,366,0,3,True,2,368,1B 7 RBI,7,left field,305,278
2023,443,2,28,"A Andrews singled down the lf line, RBI (0-0); A Filler advanced to second; M Wiggins scored, unearned.",366,0,368,5,368,5,366,0,3,True,2,368,1B LL RBI,7,lf line,197,278
2023,443,2,29,S McKinney struck out looking (1-2 FKBK).,366,0,368,5,368,5,366,0,3,True,2,368,KL,0,,655,278
2023,443,2,30,S Palacios lined out to 1b (0-0).,366,0,368,5,366,0,368,5,3,False,0,368,L3,3,,7,307
2023,443,2,31,L Piper doubled to center field (1-0 B).,366,0,368,5,366,0,368,5,3,False,1,368,2B 8,8,center field,31,307
2023,443,2,32,S Bates singled to left field (1-2 KBF); L Piper advanced to third.,366,0,368,5,366,0,368,5,3,False,1,368,1B 7,7,left field,198,307
2023,443,2,33,"H McCleney reached on a fielder's choice, RBI (0-0); S Bates out at second 2b to ss; L Piper scored.",366,1,368,5,366,1,368,5,3,False,1,368,FC RBI,0,,28,307
2023,443,2,34,A Lorenz walked (3-2 KFBBBB); H McCleney advanced to second.,366,1,368,5,366,1,368,5,3,False,2,368,BB,0,,159,307
2023,443,2,35,"S Fischer reached on a fielding error by 1b (1-2 SBF); A Lorenz advanced to third; H McCleney scored, unearned.",366,2,368,5,366,2,368,5,3,False,2,368,E3F,3,,37,307
2023,443,2,36,R Garcia popped up to 1b (0-0).,366,2,368,5,366,2,368,5,3,False,2,368,P3,3,,278,307
2023,443,2,37,R Garcia to dp.,366,2,368,5,368,5,366,2,4,True,0,368,,,,,
2023,443,2,38,B Yanez to p.,366,2,368,5,368,5,366,2,4,True,0,368,,,,,
2023,443,2,39,M Zerkle struck out swinging (2-2 BBKSS).,366,2,368,5,368,5,366,2,4,True,0,368,KS,0,,84,659
2023,443,2,40,M Davidson walked (3-2 BKBBKFB).,366,2,368,5,368,5,366,2,4,True,1,368,BB,0,,310,659
2023,443,2,41,A Urtez grounded out to ss (1-1 KB); M Davidson advanced to second.,366,2,368,5,368,5,366,2,4,True,1,368,63,6,,9,659
2023,443,2,42,J Warren hit by pitch (1-2 FSB).,366,2,368,5,368,5,366,2,4,True,2,368,HBP,0,,30,659
2023,443,2,43,M Wiggins struck out looking (0-2 SSK).,366,2,368,5,368,5,366,2,4,True,2,368,KL,0,,48,659
2023,443,2,44,S Rhodes walked (3-2 BFBBKFB).,366,2,368,5,366,2,368,5,4,False,0,368,BB,0,,297,307
2023,443,2,45,D Gibson reached on a fielder's choice (0-0); S Rhodes out at second 2b to ss.,366,2,368,5,366,2,368,5,4,False,0,368,FC,0,,308,307
2023,443,2,46,T Edwards pinch hit for S Palacios.,366,2,368,5,366,2,368,5,4,False,1,368,,,,,
2023,443,2,47,"T Edwards homered to left field, 2 RBI (0-0); D Gibson scored.",366,4,368,5,366,4,368,5,4,False,1,368,HR 7 RBI2,7,left field,46,307
2023,443,2,48,L Piper singled to left center (0-0).,366,4,368,5,366,4,368,5,4,False,1,368,1B LC,7,left center,31,307
2023,443,2,49,S Bates singled to right field (2-2 KFBFB); L Piper advanced to third.,366,4,368,5,366,4,368,5,4,False,1,368,1B 9,9,right field,198,307
2023,443,2,50,C Eberle to p for G Corrick.,366,4,368,5,366,4,368,5,4,False,1,368,,,,,
2023,443,2,51,S Bates advanced to second on a passed ball.,366,4,368,5,366,4,368,5,4,False,1,368,,,,,
2023,443,2,52,S Bates advanced to third; L Piper scored on a wild pitch.,366,5,368,5,366,5,368,5,4,False,1,,,,,,
2023,443,2,53,"H McCleney grounded out to 2b, RBI (3-2 BFFBB); S Bates scored, unearned.",366,6,368,5,366,6,368,5,4,False,1,366,43 RBI,4,,28,196
2023,443,2,54,Team Garcia challenges the play at first on McCleney's atbat Call Confirmed.,366,6,368,5,366,6,368,5,4,False,2,366,,,,,
2023,443,2,55,No play.,366,6,368,5,366,6,368,5,4,False,2,366,/,0,,159,
2023,443,2,56,A Lorenz grounded out to 2b (1-0 B).,366,6,368,5,366,6,368,5,4,False,2,366,43,4,,159,196
2023,443,2,57,T Edwards to c.,366,6,368,5,368,5,366,6,5,True,0,366,,,,,
2023,443,2,58,N Taylor struck out swinging (2-2 BKBFFFS).,366,6,368,5,368,5,366,6,5,True,0,366,KS,0,,39,659
2023,443,2,59,"A Filler homered to left center, RBI (1-1 KB).",366,6,368,6,368,6,366,6,5,True,1,,HR LC RBI,7,left center,305,659
2023,443,2,60,A Andrews struck out swinging (1-2 KKFBFS).,366,6,368,6,368,6,366,6,5,True,1,,KS,0,,197,659
2023,443,2,61,S McKinney struck out swinging (1-2 KBFS).,366,6,368,6,368,6,366,6,5,True,2,,KS,0,,655,659
2023,443,2,62,S Fischer reached on a fielding error by 3b (1-2 KFB).,366,6,368,6,366,6,368,6,5,False,0,,E5F,5,,37,196
2023,443,2,63,R Garcia walked (3-2 BKBFBB); S Fischer advanced to second.,366,6,368,6,366,6,368,6,5,False,0,,BB,0,,278,196
2023,443,2,64,A Ramirez pinch ran for R Garcia.,366,6,368,6,366,6,368,6,5,False,0,,,,,,
2023,443,2,65,S Rhodes reached on a fielder's choice (2-2 BKSB); A Ramirez out at second 2b to ss; S Fischer advanced to third.,366,6,368,6,366,6,368,6,5,False,0,,FC,0,,297,196
2023,443,2,66,D Wisz to 3b for J Warren.,366,6,368,6,366,6,368,6,5,False,1,,,,,,
2023,443,2,67,D Gibson grounded out to ss (1-2 BSF); S Rhodes advanced to second.,366,6,368,6,366,6,368,6,5,False,1,,63,6,,308,196
2023,443,2,68,T Edwards struck out looking (3-2 BFFBBFK).,366,6,368,6,366,6,368,6,5,False,2,,KL,0,,46,196
2023,443,2,69,"M Zerkle singled to third base, bunt (0-0).",366,6,368,6,368,6,366,6,6,True,0,,1B 5 BU,5,third base,84,659
2023,443,2,70,M Davidson walked (3-2 FBBFBB); M Zerkle advanced to second.,366,6,368,6,368,6,366,6,6,True,0,,BB,0,,310,659
2023,443,2,71,R Garcia to p for A Ramirez.,366,6,368,6,368,6,366,6,6,True,0,,,,,,
2023,443,2,72,/  for B Yanez.,366,6,368,6,368,6,366,6,6,True,0,,,,,,
2023,443,2,73,"A Urtez out at first p to 2b, SAC, bunt (0-0); M Davidson advanced to second; M Zerkle advanced to third.",366,6,368,6,368,6,366,6,6,True,0,,14 SAC BU,1,,9,278
2023,443,2,74,Team Zerkle challenged the play at the plate. Call is confirmed.,366,6,368,6,368,6,366,6,6,True,1,,,,,,
2023,443,2,75,D Wisz reached on a fielder's choice (1-2 BKS); M Davidson advanced to third; M Zerkle out at home 2b to c.,366,6,368,6,368,6,366,6,6,True,1,,FC,0,,657,278
2023,443,2,76,"M Wiggins doubled to center field, 2 RBI (3-2 KBBBFFF); D Wisz scored; M Davidson scored.",366,6,368,8,368,8,366,6,6,True,2,368,2B 8 RBI2,8,center field,48,278
2023,443,2,77,"N Taylor singled to left field, RBI (1-1 BF); M Wiggins scored.",366,6,368,9,368,9,366,6,6,True,2,368,1B 7 RBI,7,left field,39,278
2023,443,2,78,A Filler popped up to 3b (1-0 B).,366,6,368,9,368,9,366,6,6,True,2,368,P5,5,,305,278
2023,443,2,79,L Piper singled to shortstop (1-0 B).,366,6,368,9,366,6,368,9,6,False,0,368,1B 6,6,shortstop,31,196
2023,443,2,80,S Bates grounded out to 2b; L Piper advanced to second.,366,6,368,9,366,6,368,9,6,False,0,368,43,4,,198,196
2023,443,2,81,L Piper advanced to third on a wild pitch.,366,6,368,9,366,6,368,9,6,False,1,368,,,,,
2023,443,2,82,H McCleney struck out looking (3-2 BBKBKK).,366,6,368,9,366,6,368,9,6,False,1,368,KL,0,,28,196
2023,443,2,83,A Lorenz flied out to lf (0-1 K).,366,6,368,9,366,6,368,9,6,False,2,368,F7,7,,159,196
2023,443,2,84,R Garcia to dp.,366,6,368,9,368,9,366,6,7,True,0,368,,,,,
2023,443,2,85,O Alexander to p.,366,6,368,9,368,9,366,6,7,True,0,368,,,,,
2023,443,2,86,A Andrews singled up the middle (0-2 KF).,366,6,368,9,368,9,366,6,7,True,0,368,1B MI,8,middle,197,169
2023,443,2,87,S McKinney grounded out to 3b (0-0); A Andrews advanced to second.,366,6,368,9,368,9,366,6,7,True,0,368,53,5,,655,169
2023,443,2,88,M Zerkle grounded out to 3b (0-1 K); A Andrews advanced to third.,366,6,368,9,368,9,366,6,7,True,1,368,53,5,,84,169
2023,443,2,89,M Davidson fouled out to c (2-2 BBSK).,366,6,368,9,368,9,366,6,7,True,2,368,FF2,2,,310,169
2023,443,2,90,S Fischer singled up the middle (1-1 BS).,366,6,368,9,366,6,368,9,7,False,0,368,1B MI,8,middle,37,196
2023,443,2,91,R Garcia struck out looking (2-2 KBSBK).,366,6,368,9,366,6,368,9,7,False,0,368,KL,0,,278,196
2023,443,2,92,S Rhodes grounded out to p (3-2 KFBBB); S Fischer advanced to second.,366,6,368,9,366,6,368,9,7,False,1,368,13,1,,297,196
2023,443,2,93,"D Gibson doubled to center field, RBI (1-0 B); S Fischer scored.",366,7,368,9,366,7,368,9,7,False,2,368,2B 8 RBI,8,center field,308,196
2023,443,2,94,T Edwards walked (3-1 FBBBB).,366,7,368,9,366,7,368,9,7,False,2,368,BB,0,,46,196
2023,443,2,95,L Piper popped up to ss (0-1 F).,366,7,368,9,366,7,368,9,7,False,2,368,P6,6,,31,196
2023,444,3,-1,Start of game,367,0,368,0,368,0,367,0,1,True,0,,,,,,
2023,444,3,1,S McKinney tripled to center field (2-2 BSFB).,367,0,368,0,368,0,367,0,1,True,0,,3B CF,8,center field,655,325
2023,444,3,2,"M Zerkle reached on a throwing error by 3b, bunt, advanced to second on the throw (1-1 BK); S McKinney scored.",367,0,368,1,368,1,367,0,1,True,0,368,E5T BU T,5,,84,325
2023,444,3,3,M Zerkle advanced to third on a wild pitch.,367,0,368,1,368,1,367,0,1,True,0,368,,,,,
2023,444,3,4,M Davidson walked (3-1 BBBFB).,367,0,368,1,368,1,367,0,1,True,0,368,BB,0,,310,325
2023,444,3,5,"A Urtez singled up the middle, RBI (2-2 FBFFBFF); M Davidson advanced to second; M Zerkle scored, unearned.",367,0,368,2,368,2,367,0,1,True,0,368,1B MI RBI,8,middle,9,325
2023,444,3,6,"J Warren homered to left field, 3 RBI (0-2 FK); A Urtez scored; M Davidson scored.",367,0,368,5,368,5,367,0,1,True,0,368,HR LF RBI3,7,left field,30,325
2023,444,3,7,M Faraimo to p for M Mazon.,367,0,368,5,368,5,367,0,1,True,0,368,,,,,
2023,444,3,8,M Wiggins walked (3-2 BKKBBFB).,367,0,368,5,368,5,367,0,1,True,0,368,BB,0,,48,656
2023,444,3,9,"N Taylor homered to left field, 2 RBI (0-2 SF); M Wiggins scored.",367,0,368,7,368,7,367,0,1,True,0,368,HR LF RBI2,7,left field,39,656
2023,444,3,10,A Filler grounded out to 3b (1-2 KKB).,367,0,368,7,368,7,367,0,1,True,0,368,53,5,,305,656
2023,444,3,11,A Andrews hit by pitch (1-2 BKFF).,367,0,368,7,368,7,367,0,1,True,1,368,HP,0,,197,656
2023,444,3,12,"S McKinney grounded out to 3b, SAC, bunt (0-0); A Andrews advanced to second.",367,0,368,7,368,7,367,0,1,True,1,368,53 SAC BU,5,,655,656
2023,444,3,13,M Zerkle flied out to lf.,367,0,368,7,368,7,367,0,1,True,2,368,F7,7,,84,656
2023,444,3,14,V Hayward walked (3-1 BBBKB).,367,0,368,7,367,0,368,7,1,False,0,368,BB,0,,3,299
2023,444,3,15,A Leach singled up the middle (0-0); V Hayward advanced to third.,367,0,368,7,367,0,368,7,1,False,0,368,1B MI,8,middle,69,299
2023,444,3,16,"D Mulipola homered down the lf line, 3 RBI (1-1 BK); A Leach scored; V Hayward scored.",367,3,368,7,367,3,368,7,1,False,0,368,HR LL RBI3,7,lf line,199,299
2023,444,3,17,C Clifton struck out looking (2-2 BFFBK).,367,3,368,7,367,3,368,7,1,False,0,368,KL,0,,22,299
2023,444,3,18,T Vidales singled to center field (2-2 FBBFF).,367,3,368,7,367,3,368,7,1,False,1,368,1B CF,8,center field,29,299
2023,444,3,19,K Stewart-Hu doubled to right field (1-0 B); T Vidales advanced to third.,367,3,368,7,367,3,368,7,1,False,1,368,2B RF,9,right field,38,299
2023,444,3,20,H Wagner to p for S Saile.,367,3,368,7,367,3,368,7,1,False,1,368,,,,,
2023,444,3,21,"C Gano grounded out to 2b, RBI (3-2 BBKBKF); K Stewart-Hu advanced to third; T Vidales scored.",367,4,368,7,367,4,368,7,1,False,1,368,43 RBI,4,,167,19
2023,444,3,22,"N Mendes singled up the middle, RBI (0-2 KF); K Stewart-Hu scored.",367,5,368,7,367,5,368,7,1,False,2,368,1B MI RBI,8,middle,294,19
2023,444,3,23,J Jackson lined out to 2b (1-2 KKBF).,367,5,368,7,367,5,368,7,1,False,2,368,L4,4,,54,19
2023,444,3,24,M Davidson struck out looking (1-2 FBKK).,367,5,368,7,368,7,367,5,2,True,0,368,KL,0,,310,656
2023,444,3,25,A Urtez popped up to 2b (3-2 KKBBFB).,367,5,368,7,368,7,367,5,2,True,1,368,P4,4,,9,656
2023,444,3,26,J Warren singled up the middle (1-1 BF).,367,5,368,7,368,7,367,5,2,True,2,368,1B MI,8,middle,30,656
2023,444,3,27,M Wiggins struck out swinging (3-2 BKKBBS).,367,5,368,7,368,7,367,5,2,True,2,368,KS,0,,48,656
2023,444,3,28,V Hayward hit by pitch (0-1 K).,367,5,368,7,367,5,368,7,2,False,0,368,HP,0,,3,19
2023,444,3,29,A Leach singled to center field (0-0); V Hayward advanced to second.,367,5,368,7,367,5,368,7,2,False,0,368,1B CF,8,center field,69,19
2023,444,3,30,D Mulipola reached on a fielder's choice (2-2 KKBB); A Leach out at second ss unassisted; V Hayward advanced to third.,367,5,368,7,367,5,368,7,2,False,0,368,FC,0,,199,19
2023,444,3,31,C Clifton hit into double play 3b to 2b to 1b (1-2 BFFFF); D Mulipola out on the play.,367,5,368,7,367,5,368,7,2,False,1,368,543 DP,5,,22,19
2023,444,3,32,N Taylor grounded out to p (3-2 FBBBK).,367,5,368,7,368,7,367,5,3,True,0,368,13,1,,39,656
2023,444,3,33,"A Filler homered to left field, RBI (0-0).",367,5,368,8,368,8,367,5,3,True,1,368,HR LF RBI,7,left field,305,656
2023,444,3,34,A Andrews struck out looking (1-2 FSFBK).,367,5,368,8,368,8,367,5,3,True,1,368,KL,0,,197,656
2023,444,3,35,S McKinney singled to left field (1-2 BKK).,367,5,368,8,368,8,367,5,3,True,2,368,1B LF,7,left field,655,656
2023,444,3,36,M Zerkle struck out looking (0-2 KKFK).,367,5,368,8,368,8,367,5,3,True,2,368,KL,0,,84,656
2023,444,3,37,T Vidales flied out to lf (0-1 K).,367,5,368,8,367,5,368,8,3,False,0,368,F7,7,,29,19
2023,444,3,38,K Stewart-Hu doubled down the rf line (0-1 K).,367,5,368,8,367,5,368,8,3,False,1,368,2B RL,9,rf line,38,19
2023,444,3,39,C Gano lined out to 2b (0-1 K).,367,5,368,8,367,5,368,8,3,False,1,368,L4,4,,167,19
2023,444,3,40,N Mendes struck out swinging (2-2 FBBFS).,367,5,368,8,367,5,368,8,3,False,2,368,KS,0,,294,19
2023,444,3,41,"M Davidson homered to left center, RBI (3-2 BKSBB).",367,5,368,9,368,9,367,5,4,True,0,368,HR LC RBI,7,left center,310,656
2023,444,3,42,A Urtez singled to left field.,367,5,368,9,368,9,367,5,4,True,0,368,1B LF,7,left field,9,656
2023,444,3,43,J Warren fouled out to 3b (1-1 BK).,367,5,368,9,368,9,367,5,4,True,0,368,FF5,5,,30,656
2023,444,3,44,M Wiggins singled to right center (0-0); A Urtez advanced to second.,367,5,368,9,368,9,367,5,4,True,1,368,1B RC,9,right center,48,656
2023,444,3,45,N Taylor struck out swinging (1-2 BFKS).,367,5,368,9,368,9,367,5,4,True,1,368,KS,0,,39,656
2023,444,3,46,A Filler struck out looking (1-2 KKBK).,367,5,368,9,368,9,367,5,4,True,2,368,KL,0,,305,656
2023,444,3,47,J Jackson reached on a fielding error by p (0-1 K).,367,5,368,9,367,5,368,9,4,False,0,368,E1F,1,,54,19
2023,444,3,48,"V Hayward grounded out to c, SAC, bunt (0-0); J Jackson advanced to second.",367,5,368,9,367,5,368,9,4,False,0,368,23 SAC BU,2,,3,19
2023,444,3,49,"A Leach doubled to left center, RBI (1-0 B); J Jackson scored, unearned.",367,6,368,9,367,6,368,9,4,False,1,368,2B LC RBI,7,left center,69,19
2023,444,3,50,D Mulipola grounded out to 2b (0-1 K); A Leach advanced to third.,367,6,368,9,367,6,368,9,4,False,1,368,43,4,,199,19
2023,444,3,51,C Clifton grounded out to 3b (1-1 BK).,367,6,368,9,367,6,368,9,4,False,2,368,53,5,,22,19
2023,444,3,52,D Wisz pinch hit for A Andrews.,367,6,368,9,368,9,367,6,5,True,0,368,,,,,
2023,444,3,53,"D Wisz homered to left field, RBI (1-0 B).",367,6,368,10,368,10,367,6,5,True,0,368,HR LF RBI,7,left field,657,656
2023,444,3,54,D Mulipola to dp.,367,6,368,10,368,10,367,6,5,True,0,368,,,,,
2023,444,3,55,K Stewart-Hu to rf.,367,6,368,10,368,10,367,6,5,True,0,368,,,,,
2023,444,3,56,J Roberts to c for N Mendes.,367,6,368,10,368,10,367,6,5,True,0,368,,,,,
2023,444,3,57,A Ocasio to p for M Faraimo.,367,6,368,10,368,10,367,6,5,True,0,368,,,,,
2023,444,3,58,S McKinney grounded out to p (3-2 FFBBFB).,367,6,368,10,368,10,367,6,5,True,0,368,13,1,,655,10
2023,444,3,59,M Zerkle singled through the right side (1-2 BFFFF).,367,6,368,10,368,10,367,6,5,True,1,368,1B RS,9,right side,84,10
2023,444,3,60,M Davidson grounded out to 2b (0-0); M Zerkle advanced to second.,367,6,368,10,368,10,367,6,5,True,1,368,43,4,,310,10
2023,444,3,61,M Zerkle advanced to third on a wild pitch.,367,6,368,10,368,10,367,6,5,True,2,368,,,,,
2023,444,3,62,A Urtez flied out to cf (3-2 KBKBFB).,367,6,368,10,368,10,367,6,5,True,2,368,F8,8,,9,10
2023,444,3,63,A Andrews to lf for D Wisz.,367,6,368,10,367,6,368,10,5,False,0,368,,,,,
2023,444,3,64,C Eberle to p for H Wagner.,367,6,368,10,367,6,368,10,5,False,0,368,,,,,
2023,444,3,65,T Vidales walked (3-0 BBBB).,367,6,368,10,367,6,368,10,5,False,0,368,BB,0,,29,196
2023,444,3,66,K Stewart-Hu singled to center field (3-2 BBKKB); T Vidales advanced to second.,367,6,368,10,367,6,368,10,5,False,0,368,1B CF,8,center field,38,196
2023,444,3,67,C Gano flied out to cf (2-1 SBB); K Stewart-Hu advanced to second; T Vidales advanced to third.,367,6,368,10,367,6,368,10,5,False,0,368,F8,8,,167,196
2023,444,3,68,J Roberts hit by pitch (2-2 FKFBB).,367,6,368,10,367,6,368,10,5,False,1,368,HP,0,,34,196
2023,444,3,69,M Mazon pinch hit for J Jackson.,367,6,368,10,367,6,368,10,5,False,1,368,,,,,
2023,444,3,70,M Mazon struck out swinging (1-2 KSBS).,367,6,368,10,367,6,368,10,5,False,1,368,KS,0,,325,196
2023,444,3,71,V Hayward flied out to lf (0-0).,367,6,368,10,367,6,368,10,5,False,2,368,F7,7,,3,196
2023,444,3,72,J Jackson to lf for M Mazon.,367,6,368,10,368,10,367,6,6,True,0,368,,,,,
2023,444,3,73,J Warren walked (3-1 FBBBB).,367,6,368,10,368,10,367,6,6,True,0,368,BB,0,,30,10
2023,444,3,74,M Wiggins popped up to 1b (0-1 K).,367,6,368,10,368,10,367,6,6,True,0,368,P3,3,,48,10
2023,444,3,75,N Taylor singled up the middle (0-1 F); J Warren advanced to second.,367,6,368,10,368,10,367,6,6,True,1,368,1B MI,8,middle,39,10
2023,444,3,76,A Filler lined into double play ss to 2b (1-2 FKB); J Warren out on the play.,367,6,368,10,368,10,367,6,6,True,1,368,L64 DP,6,,305,10
2023,444,3,77,A Leach doubled to left field (1-1 KB).,367,6,368,10,367,6,368,10,6,False,0,368,2B LF,7,left field,69,196
2023,444,3,78,A Leach advanced to third on a wild pitch.,367,6,368,10,367,6,368,10,6,False,0,368,,,,,
2023,444,3,79,"D Mulipola singled to right center, RBI (3-1 BKBB); A Leach scored.",367,7,368,10,367,7,368,10,6,False,0,368,1B RC RBI,9,right center,199,196
2023,444,3,80,"C Clifton hit into double play 3b to 2b (2-2 BKBF); D Mulipola out on the play, interference.",367,7,368,10,367,7,368,10,6,False,0,368,54 DP,5,,22,196
2023,444,3,81,T Vidales singled up the middle (1-2 KBF).,367,7,368,10,367,7,368,10,6,False,2,368,1B MI,8,middle,29,196
2023,444,3,82,T Vidales advanced to second on a wild pitch.,367,7,368,10,367,7,368,10,6,False,2,368,,,,,
2023,444,3,83,K Stewart-Hu walked (3-1 BBBFB).,367,7,368,10,367,7,368,10,6,False,2,368,BB,0,,38,196
2023,444,3,84,C Gano grounded out to p (2-2 BKKFB).,367,7,368,10,367,7,368,10,6,False,2,368,13,1,,167,196
2023,444,3,85,A Andrews flied out to lf (1-1 BK).,367,7,368,10,368,10,367,7,7,True,0,368,F7,7,,197,10
2023,444,3,86,S McKinney popped up to c (0-0).,367,7,368,10,368,10,367,7,7,True,1,368,P2,2,,655,10
2023,444,3,87,M Zerkle flied out to cf (0-1 K).,367,7,368,10,368,10,367,7,7,True,2,368,F8,8,,84,10
2023,444,3,88,J Roberts singled to right field (0-0).,367,7,368,10,367,7,368,10,7,False,0,368,1B RF,9,right field,34,196
2023,444,3,89,N Mendes pinch ran for J Roberts.,367,7,368,10,367,7,368,10,7,False,0,368,,,,,
2023,444,3,90,J Jackson reached on a fielder's choice (3-1 BBKB); N Mendes out at second ss to 2b.,367,7,368,10,367,7,368,10,7,False,0,368,FC,0,,54,196
2023,444,3,91,V Hayward struck out swinging (2-2 BKKBS).,367,7,368,10,367,7,368,10,7,False,1,368,KS,0,,3,196
2023,444,3,92,A Leach walked (3-1 BKBBB); J Jackson advanced to second.,367,7,368,10,367,7,368,10,7,False,2,368,BB,0,,69,196
2023,444,3,93,D Mulipola popped up to ss (2-2 BKSB).,367,7,368,10,367,7,368,10,7,False,2,368,P6,6,,199,196
2023,445,4,-1,Start of game,367,0,366,0,366,0,367,0,1,True,0,,,,,,
2023,445,4,1,H McCleney singled through the right side (0-0).,367,0,366,0,366,0,367,0,1,True,0,,1B RS,9,right side,28,359
2023,445,4,2,A Lorenz walked (3-0 BBBB); H McCleney advanced to second.,367,0,366,0,366,0,367,0,1,True,0,,BB,0,,159,359
2023,445,4,3,S Fischer flied out to lf (0-1 K).,367,0,366,0,366,0,367,0,1,True,0,,F7,7,,37,359
2023,445,4,4,T Edwards struck out looking (2-2 FFBBK).,367,0,366,0,366,0,367,0,1,True,1,,KL,0,,46,359
2023,445,4,5,"R Garcia doubled to right field, 2 RBI; A Lorenz scored; H McCleney scored.",367,0,366,2,366,2,367,0,1,True,2,366,2B RF RBI2,9,right field,278,359
2023,445,4,6,R Garcia advanced to third on a wild pitch.,367,0,366,2,366,2,367,0,1,True,2,366,,,,,
2023,445,4,7,D Gibson grounded out to 2b (3-2 BBBKF).,367,0,366,2,366,2,367,0,1,True,2,366,43,4,,308,359
2023,445,4,8,V Hayward grounded out to 3b (1-2 KSB).,367,0,366,2,367,0,366,2,1,False,0,366,53,5,,3,278
2023,445,4,9,A Leach lined out to lf (3-0 BBB).,367,0,366,2,367,0,366,2,1,False,1,366,L7,7,,69,278
2023,445,4,10,D Mulipola struck out looking (0-2 KKK).,367,0,366,2,367,0,366,2,1,False,2,366,KL,0,,199,278
2023,445,4,11,S Rhodes doubled to left field (1-0 B).,367,0,366,2,366,2,367,0,2,True,0,366,2B LF,7,left field,297,359
2023,445,4,12,"L Piper singled up the middle, RBI (2-0 BB); S Rhodes scored.",367,0,366,3,366,3,367,0,2,True,0,366,1B MI RBI,8,middle,31,359
2023,445,4,13,S Bates struck out swinging (2-2 BBKFS).,367,0,366,3,366,3,367,0,2,True,0,366,KS,0,,198,359
2023,445,4,14,L Piper advanced to second on a wild pitch.,367,0,366,3,366,3,367,0,2,True,1,366,,,,,
2023,445,4,15,"H McCleney singled to center field, RBI (2-0 BB); L Piper scored.",367,0,366,4,366,4,367,0,2,True,1,366,1B CF RBI,8,center field,28,359
2023,445,4,16,"A Lorenz doubled down the lf line, RBI (0-1 K); H McCleney scored.",367,0,366,5,366,5,367,0,2,True,1,366,2B LL RBI,7,lf line,159,359
2023,445,4,17,S Fischer grounded out to p (1-1 FB).,367,0,366,5,366,5,367,0,2,True,1,366,13,1,,37,359
2023,445,4,18,T Edwards fouled out to 3b (1-0 B).,367,0,366,5,366,5,367,0,2,True,2,366,FF5,5,,46,359
2023,445,4,19,C Clifton struck out swinging (2-2 BKSBS).,367,0,366,5,367,0,366,5,2,False,0,366,KS,0,,22,278
2023,445,4,20,T Vidales struck out swinging (2-2 BKFBFS).,367,0,366,5,367,0,366,5,2,False,1,366,KS,0,,29,278
2023,445,4,21,K Stewart-Hu grounded out to ss (2-2 BBKK).,367,0,366,5,367,0,366,5,2,False,2,366,63,6,,38,278
2023,445,4,22,R Garcia singled up the middle (0-0).,367,0,366,5,366,5,367,0,3,True,0,366,1B MI,8,middle,278,359
2023,445,4,23,O Alexander pinch ran for R Garcia.,367,0,366,5,366,5,367,0,3,True,0,366,,,,,
2023,445,4,24,D Gibson struck out swinging (1-2 BKKS).,367,0,366,5,366,5,367,0,3,True,0,366,KS,0,,308,359
2023,445,4,25,S Rhodes struck out swinging (1-2 SBSS).,367,0,366,5,366,5,367,0,3,True,1,366,KS,0,,297,359
2023,445,4,26,L Piper flied out to lf (2-1 FBB).,367,0,366,5,366,5,367,0,3,True,2,366,F7,7,,31,359
2023,445,4,27,R Garcia to p for O Alexander.,367,0,366,5,367,0,366,5,3,False,0,366,,,,,
2023,445,4,28,A Ocasio struck out swinging (2-2 KKBFBS).,367,0,366,5,367,0,366,5,3,False,0,366,KS,0,,10,278
2023,445,4,29,C Gano walked (3-1 BBBKB).,367,0,366,5,367,0,366,5,3,False,1,366,BB,0,,167,278
2023,445,4,30,"J Jackson reached on a throwing error by c, SAC, bunt (0-1 K); C Gano advanced to second.",367,0,366,5,367,0,366,5,3,False,1,366,E2T SAC BU,2,,54,278
2023,445,4,31,V Hayward hit into double play ss to 2b (0-1 F); C Gano out on the play.,367,0,366,5,367,0,366,5,3,False,1,366,64L DP,6,,3,278
2023,445,4,32,N Mendes to rf for A Ocasio.,367,0,366,5,366,5,367,0,4,True,0,366,,,,,
2023,445,4,33,S Bates struck out swinging (1-2 FBFS).,367,0,366,5,366,5,367,0,4,True,0,366,KS,0,,198,359
2023,445,4,34,H McCleney flied out to cf (1-1 KB).,367,0,366,5,366,5,367,0,4,True,1,366,F8,8,,28,359
2023,445,4,35,A Lorenz doubled to right center (1-2 BKK).,367,0,366,5,366,5,367,0,4,True,2,366,2B RC,9,right center,159,359
2023,445,4,36,"S Fischer singled to right center, RBI (0-0); A Lorenz scored.",367,0,366,6,366,6,367,0,4,True,2,366,1B RC RBI,9,right center,37,359
2023,445,4,37,T Edwards struck out looking (0-2 KFK).,367,0,366,6,366,6,367,0,4,True,2,366,KL,0,,46,359
2023,445,4,38,A Leach walked (3-2 BFSBFBB).,367,0,366,6,367,0,366,6,4,False,0,366,BB,0,,69,278
2023,445,4,39,"D Mulipola reached on a fielder's choice (3-2 FBFBBFFFF); A Leach advanced to second on a throwing error by 3b, advanced to third on the throw.",367,0,366,6,367,0,366,6,4,False,0,366,FC,5,,199,278
2023,445,4,40,J Roberts pinch hit for C Clifton.,367,0,366,6,367,0,366,6,4,False,0,366,,,,,
2023,445,4,41,J Roberts struck out looking (2-2 BKKFFBFFK).,367,0,366,6,367,0,366,6,4,False,0,366,KL,0,,34,278
2023,445,4,42,"T Vidales singled to right field, RBI; D Mulipola advanced to third; A Leach scored, unearned.",367,1,366,6,367,1,366,6,4,False,1,366,1B RF RBI,9,right field,29,278
2023,445,4,43,K Stewart-Hu struck out swinging (2-2 KBBKS).,367,1,366,6,367,1,366,6,4,False,1,366,KS,0,,38,278
2023,445,4,44,N Mendes flied out to lf (3-2 BBKKB).,367,1,366,6,367,1,366,6,4,False,2,366,F7,7,,294,278
2023,445,4,45,C Clifton to ss for J Roberts.,367,1,366,6,366,6,367,1,5,True,0,366,,,,,
2023,445,4,46,"R Garcia homered down the lf line, RBI (1-0 B).",367,1,366,7,366,7,367,1,5,True,0,366,HR LL RBI,7,lf line,278,359
2023,445,4,47,D Gibson singled through the right side (3-1 BBSB).,367,1,366,7,366,7,367,1,5,True,0,366,1B RS,9,right side,308,359
2023,445,4,48,K Stewart-Hu to rf.,367,1,366,7,366,7,367,1,5,True,0,366,,,,,
2023,445,4,49,A Ocasio to p for N Mendes.,367,1,366,7,366,7,367,1,5,True,0,366,,,,,
2023,445,4,50,C Gano to 3b.,367,1,366,7,366,7,367,1,5,True,0,366,,,,,
2023,445,4,51,/  for P St. George.,367,1,366,7,366,7,367,1,5,True,0,366,,,,,
2023,445,4,52,S Rhodes walked (3-1 BKBBB); D Gibson advanced to second.,367,1,366,7,366,7,367,1,5,True,0,366,BB,0,,297,10
2023,445,4,53,"L Piper homered to left center, 3 RBI; S Rhodes scored; D Gibson scored.",367,1,366,10,366,10,367,1,5,True,0,366,HR LC RBI3,7,left center,31,10
2023,445,4,54,S Bates struck out looking (1-2 FBFK).,367,1,366,10,366,10,367,1,5,True,0,366,KL,0,,198,10
2023,445,4,55,H McCleney popped up to p (1-1 FB).,367,1,366,10,366,10,367,1,5,True,1,366,P1,1,,28,10
2023,445,4,56,A Lorenz lined out to 2b.,367,1,366,10,366,10,367,1,5,True,2,366,L4,4,,159,10
2023,445,4,57,S Palacios to c for T Edwards.,367,1,366,10,367,1,366,10,5,False,0,366,,,,,
2023,445,4,58,R Garcia to dp.,367,1,366,10,367,1,366,10,5,False,0,366,,,,,
2023,445,4,59,A Ramirez to 2b for L Piper.,367,1,366,10,367,1,366,10,5,False,0,366,,,,,
2023,445,4,60,B Yanez to p.,367,1,366,10,367,1,366,10,5,False,0,366,,,,,
2023,445,4,61,C Gano flied out to rf (1-1 FB).,367,1,366,10,367,1,366,10,5,False,0,366,F9,9,,167,659
2023,445,4,62,J Jackson grounded out to 1b unassisted (2-1 BKB).,367,1,366,10,367,1,366,10,5,False,1,366,3U,3,,54,659
2023,445,4,63,"V Hayward doubled, advanced to third on a throwing error by cf (0-0).",367,1,366,10,367,1,366,10,5,False,2,366,2B E8T,8,,3,659
2023,445,4,64,"A Leach doubled to right center, RBI; V Hayward scored.",367,2,366,10,367,2,366,10,5,False,2,366,2B RC RBI,9,right center,69,659
2023,445,4,65,D Mulipola struck out swinging (2-2 BBFFS).,367,2,366,10,367,2,366,10,5,False,2,366,KS,0,,199,659
2023,445,4,66,S Fischer singled through the left side (1-0 B).,367,2,366,10,366,10,367,2,6,True,0,366,1B LS,7,left side,37,10
2023,445,4,67,S Palacios reached on a fielder's choice (0-1 F); S Fischer out at second 1b to ss.,367,2,366,10,366,10,367,2,6,True,0,366,FC,0,,7,10
2023,445,4,68,R Garcia grounded out to p (1-2 BSK); S Palacios advanced to second.,367,2,366,10,366,10,367,2,6,True,1,366,13,1,,278,10
2023,445,4,69,"D Gibson doubled to right field, RBI; S Palacios scored.",367,2,366,11,366,11,367,2,6,True,2,366,2B RF RBI,9,right field,308,10
2023,445,4,70,S Rhodes walked (3-1 BBFBB).,367,2,366,11,366,11,367,2,6,True,2,366,BB,0,,297,10
2023,445,4,71,A Leach to ss.,367,2,366,11,366,11,367,2,6,True,2,366,,,,,
2023,445,4,72,D Mulipola to dp.,367,2,366,11,366,11,367,2,6,True,2,366,,,,,
2023,445,4,73,J Roberts to c for C Clifton.,367,2,366,11,366,11,367,2,6,True,2,366,,,,,
2023,445,4,74,K Stewart-Hu to 2b.,367,2,366,11,366,11,367,2,6,True,2,366,,,,,
2023,445,4,75,A Ocasio to rf.,367,2,366,11,366,11,367,2,6,True,2,366,,,,,
2023,445,4,76,M Mazon to p for A Ocasio.,367,2,366,11,366,11,367,2,6,True,2,366,,,,,
2023,445,4,77,A Ramirez struck out looking (1-2 FFBK).,367,2,366,11,366,11,367,2,6,True,2,366,KL,0,,12,325
2023,445,4,78,"J Roberts homered to center field, RBI (1-2 BKF).",367,3,366,11,367,3,366,11,6,False,0,366,HR CF RBI,8,center field,34,659
2023,445,4,79,T Vidales singled to right field (3-2 FBFBBF).,367,3,366,11,367,3,366,11,6,False,0,366,1B RF,9,right field,29,659
2023,445,4,80,K Stewart-Hu struck out swinging (1-2 BKKS).,367,3,366,11,367,3,366,11,6,False,0,366,KS,0,,38,659
2023,445,4,81,A Ocasio struck out swinging (3-2 KBFBFBS).,367,3,366,11,367,3,366,11,6,False,1,366,KS,0,,10,659
2023,445,4,82,C Gano popped up to 1b (0-2 FSFF).,367,3,366,11,367,3,366,11,6,False,2,366,P3,3,,167,659
2023,445,4,83,"S Bates homered to right center, RBI (1-0 B).",367,3,366,12,366,12,367,3,7,True,0,366,HR RC RBI,9,right center,198,325
2023,445,4,84,H McCleney grounded out to ss (3-2 KBBFBF).,367,3,366,12,366,12,367,3,7,True,0,366,63,6,,28,325
2023,445,4,85,A Lorenz singled through the left side (2-1 FBB).,367,3,366,12,366,12,367,3,7,True,1,366,1B LS,7,left side,159,325
2023,445,4,86,S Fischer singled to left center (0-1 F); A Lorenz advanced to second.,367,3,366,12,366,12,367,3,7,True,1,366,1B LC,7,left center,37,325
2023,445,4,87,S Palacios singled to center field (0-1 F); S Fischer advanced to second; A Lorenz advanced to third.,367,3,366,12,366,12,367,3,7,True,1,366,1B CF,8,center field,7,325
2023,445,4,88,O Alexander pinch hit for R Garcia.,367,3,366,12,366,12,367,3,7,True,1,366,,,,,
2023,445,4,89,O Alexander grounded into double play ss to 2b to 1b; S Palacios out on the play.,367,3,366,12,366,12,367,3,7,True,1,366,643 GDP,6,,169,325
2023,445,4,90,T Edwards to c for S Palacios.,367,3,366,12,367,3,366,12,7,False,0,366,,,,,
2023,445,4,91,O Alexander to p.,367,3,366,12,367,3,366,12,7,False,0,366,,,,,
2023,445,4,92,/  for B Yanez.,367,3,366,12,367,3,366,12,7,False,0,366,,,,,
2023,445,4,93,J Jackson struck out looking (3-2 BBKBFK).,367,3,366,12,367,3,366,12,7,False,0,366,KL,0,,54,169
2023,445,4,94,V Hayward singled through the right side.,367,3,366,12,367,3,366,12,7,False,1,366,1B RS,9,right side,3,169
2023,445,4,95,V Hayward advanced to second on a passed ball.,367,3,366,12,367,3,366,12,7,False,1,366,,,,,
2023,445,4,96,A Leach fouled out to lf (3-2 KFFBFBFBF).,367,3,366,12,367,3,366,12,7,False,1,366,FF7,7,,69,169
2023,445,4,97,D Mulipola grounded out to 3b (1-2 FFB).,367,3,366,12,367,3,366,12,7,False,2,366,53,5,,199,169
2023,446,5,-1,Start of game,368,0,366,0,366,0,368,0,1,True,0,,,,,,
2023,446,5,1,H McCleney flied out to lf (1-1 KB).,368,0,366,0,366,0,368,0,1,True,0,,F7,7,,28,19
2023,446,5,2,A Lorenz lined out to lf (3-1 BBKB).,368,0,366,0,366,0,368,0,1,True,1,,L7,7,,159,19
2023,446,5,3,S Fischer singled to left field (0-2 KS).,368,0,366,0,366,0,368,0,1,True,2,,1B 7,7,left field,37,19
2023,446,5,4,T Edwards grounded out to 2b (1-0 B).,368,0,366,0,366,0,368,0,1,True,2,,43,4,,46,19
2023,446,5,5,S McKinney singled up the middle (3-2 KBFBFFFFBF).,368,0,366,0,368,0,366,0,1,False,0,,1B MI,8,middle,655,278
2023,446,5,6,M Zerkle struck out swinging (1-2 BFFS).,368,0,366,0,368,0,366,0,1,False,0,,KS,0,,84,278
2023,446,5,7,M Davidson hit by pitch (1-0 B); S McKinney advanced to second.,368,0,366,0,368,0,366,0,1,False,1,,HBP,0,,310,278
2023,446,5,8,A Urtez popped up to 2b (1-1 BK).,368,0,366,0,368,0,366,0,1,False,1,,P4,4,,9,278
2023,446,5,9,"J Warren doubled to right center, RBI (0-1 K); M Davidson advanced to third; S McKinney scored.",368,1,366,0,368,1,366,0,1,False,2,368,2B RC RBI,9,right center,30,278
2023,446,5,10,M Wiggins walked (3-2 BKBBKB).,368,1,366,0,368,1,366,0,1,False,2,368,BB,0,,48,278
2023,446,5,11,"N Taylor homered down the lf line, 4 RBI (0-0); M Wiggins scored; J Warren scored; M Davidson scored.",368,5,366,0,368,5,366,0,1,False,2,368,HR LL RBI4,7,lf line,39,278
2023,446,5,12,A Filler popped up to ss (0-1 K).,368,5,366,0,368,5,366,0,1,False,2,368,P6,6,,305,278
2023,446,5,13,R Garcia lined out to 1b (0-0).,368,5,366,0,366,0,368,5,2,True,0,368,L3,3,,278,19
2023,446,5,14,D Gibson singled to shortstop (2-1 KBB).,368,5,366,0,366,0,368,5,2,True,1,368,1B 6,6,shortstop,308,19
2023,446,5,15,S Rhodes reached on a fielding error by 1b (3-1 BBBF); D Gibson advanced to second.,368,5,366,0,366,0,368,5,2,True,1,368,E3F,3,,297,19
2023,446,5,16,L Piper grounded out to 3b (0-2 KF); S Rhodes advanced to second; D Gibson advanced to third.,368,5,366,0,366,0,368,5,2,True,1,368,53,5,,31,19
2023,446,5,17,S Bates flied out to cf (1-1 BK).,368,5,366,0,366,0,368,5,2,True,2,368,F8,8,,198,19
2023,446,5,18,A Andrews singled up the middle (1-1 KB).,368,5,366,0,368,5,366,0,2,False,0,368,1B MI,8,middle,197,278
2023,446,5,19,S McKinney singled up the middle (2-2 FFBB); A Andrews advanced to third.,368,5,366,0,368,5,366,0,2,False,0,368,1B MI,8,middle,655,278
2023,446,5,20,M Zerkle grounded out to 3b (1-2 BKF); S McKinney advanced to second.,368,5,366,0,368,5,366,0,2,False,0,368,53,5,,84,278
2023,446,5,21,"M Davidson popped up to ss, SF, RBI (3-1 BBBK); A Andrews scored.",368,6,366,0,368,6,366,0,2,False,1,368,P6 SF RBI,6,,310,278
2023,446,5,22,A Urtez popped up to 3b (1-2 KBK).,368,6,366,0,368,6,366,0,2,False,2,368,P5,5,,9,278
2023,446,5,23,H McCleney singled through the right side (1-1 BK).,368,6,366,0,366,0,368,6,3,True,0,368,1B RS,9,right side,28,19
2023,446,5,24,A Lorenz popped up to ss (2-0 BB).,368,6,366,0,366,0,368,6,3,True,0,368,P6,6,,159,19
2023,446,5,25,S Fischer grounded out to 3b (2-2 BKFB); H McCleney advanced to second.,368,6,366,0,366,0,368,6,3,True,1,368,53,5,,37,19
2023,446,5,26,"T Edwards singled down the lf line, RBI (0-1 K); H McCleney scored.",368,6,366,1,366,1,368,6,3,True,2,368,1B LL RBI,7,lf line,46,19
2023,446,5,27,R Garcia singled to left field (0-0); T Edwards advanced to second.,368,6,366,1,366,1,368,6,3,True,2,368,1B 7,7,left field,278,19
2023,446,5,28,"D Gibson doubled to center field, RBI (2-2 FSBB); R Garcia advanced to third; T Edwards scored.",368,6,366,2,366,2,368,6,3,True,2,368,2B 8 RBI,8,center field,308,19
2023,446,5,29,S Rhodes grounded out to 3b (0-1 K).,368,6,366,2,366,2,368,6,3,True,2,368,53,5,,297,19
2023,446,5,30,J Warren grounded out to ss (1-2 FFFB).,368,6,366,2,368,6,366,2,3,False,0,368,63,6,,30,278
2023,446,5,31,M Wiggins walked (3-2 BBFBKB).,368,6,366,2,368,6,366,2,3,False,1,368,BB,0,,48,278
2023,446,5,32,N Taylor struck out looking (2-2 KBBFFFFFFK).,368,6,366,2,368,6,366,2,3,False,1,368,KL,0,,39,278
2023,446,5,33,"A Filler tripled down the rf line, RBI (2-0 BB); M Wiggins scored.",368,7,366,2,368,7,366,2,3,False,2,368,3B RL RBI,9,rf line,305,278
2023,446,5,34,A Andrews singled to third base (3-2 KBFBB); A Filler no advance.,368,7,366,2,368,7,366,2,3,False,2,368,1B 5,5,third base,197,278
2023,446,5,35,/. - Error,368,7,366,2,368,7,366,2,3,False,2,368,,,,,
2023,446,5,36,A Andrews stole second.,368,7,366,2,368,7,366,2,3,False,2,368,,,,,
2023,446,5,37,S McKinney walked (3-2 BKBKBFFB).,368,7,366,2,368,7,366,2,3,False,2,368,BB,0,,655,278
2023,446,5,38,M Zerkle flied out to cf (0-0).,368,7,366,2,368,7,366,2,3,False,2,368,F8,8,,84,278
2023,446,5,39,L Piper flied out to cf (2-2 KFBB).,368,7,366,2,366,2,368,7,4,True,0,368,F8,8,,31,19
2023,446,5,40,S Bates struck out swinging (1-2 KBFS).,368,7,366,2,366,2,368,7,4,True,1,368,KS,0,,198,19
2023,446,5,41,H McCleney grounded out to ss (2-1 BBS).,368,7,366,2,366,2,368,7,4,True,2,368,63,6,,28,19
2023,446,5,42,M Davidson hit by pitch (2-2 BKFB).,368,7,366,2,368,7,366,2,4,False,0,368,HBP,0,,310,278
2023,446,5,43,A Urtez flied out to cf (0-1 F).,368,7,366,2,368,7,366,2,4,False,0,368,F8,8,,9,278
2023,446,5,44,J Warren reached on a fielder's choice (0-0); M Davidson out at second ss unassisted.,368,7,366,2,368,7,366,2,4,False,1,368,FC,0,,30,278
2023,446,5,45,M Wiggins walked (3-2 KBBSBFB); J Warren advanced to second.,368,7,366,2,368,7,366,2,4,False,2,368,BB,0,,48,278
2023,446,5,46,N Taylor struck out swinging (3-2 BBFFBFS).,368,7,366,2,368,7,366,2,4,False,2,368,KS,0,,39,278
2023,446,5,47,A Lorenz grounded out to 2b (0-1 K).,368,7,366,2,366,2,368,7,5,True,0,368,43,4,,159,19
2023,446,5,48,S Fischer flied out to rf (1-1 FB).,368,7,366,2,366,2,368,7,5,True,1,368,F9,9,,37,19
2023,446,5,49,T Edwards flied out to rf (0-1 F).,368,7,366,2,366,2,368,7,5,True,2,368,F9,9,,46,19
2023,446,5,50,A Filler popped up to 3b (3-2 BBBKK).,368,7,366,2,368,7,366,2,5,False,0,368,P5,5,,305,278
2023,446,5,51,R Garcia to dp.,368,7,366,2,368,7,366,2,5,False,1,368,,,,,
2023,446,5,52,B Yanez to p.,368,7,366,2,368,7,366,2,5,False,1,368,,,,,
2023,446,5,53,A Andrews flied out to lf (0-2 KS).,368,7,366,2,368,7,366,2,5,False,1,368,F7,7,,197,659
2023,446,5,54,S McKinney grounded out to p (3-2 FBFFBB).,368,7,366,2,368,7,366,2,5,False,2,368,13,1,,655,659
2023,446,5,55,R Garcia grounded out to 1b unassisted (2-2 KBKB).,368,7,366,2,366,2,368,7,6,True,0,368,3UA,3,,278,19
2023,446,5,56,D Gibson grounded out to 2b (3-2 FKBBFB).,368,7,366,2,366,2,368,7,6,True,1,368,43,4,,308,19
2023,446,5,57,S Rhodes flied out to rf (1-0 B).,368,7,366,2,366,2,368,7,6,True,2,368,F9,9,,297,19
2023,446,5,58,M Zerkle fouled out to 3b (2-2 KBBSF).,368,7,366,2,368,7,366,2,6,False,0,368,FF5,5,,84,659
2023,446,5,59,M Davidson grounded out to 3b (1-1 BK).,368,7,366,2,368,7,366,2,6,False,1,368,53,5,,310,659
2023,446,5,60,A Urtez lined out to 3b (2-2 KKBBFFF).,368,7,366,2,368,7,366,2,6,False,2,368,L5,5,,9,659
2023,446,5,61,L Piper flied out to rf (0-2 FK).,368,7,366,2,366,2,368,7,7,True,0,368,F9,9,,31,19
2023,446,5,62,S Bates flied out to rf (0-0).,368,7,366,2,366,2,368,7,7,True,1,368,F9,9,,198,19
2023,446,5,63,H McCleney walked (3-2 BFBBFFB).,368,7,366,2,366,2,368,7,7,True,2,368,BB,0,,28,19
2023,446,5,64,A Lorenz walked (3-1 BBKBB); H McCleney advanced to second.,368,7,366,2,366,2,368,7,7,True,2,368,BB,0,,159,19
2023,446,5,65,"S Fischer singled through the right side, RBI (0-1 K); A Lorenz advanced to second; H McCleney scored.",368,7,366,3,366,3,368,7,7,True,2,368,1B RS RBI,9,right side,37,19
2023,446,5,66,"T Edwards homered to center field, 3 RBI (3-1 BBBK); S Fischer scored; A Lorenz scored.",368,7,366,6,366,6,368,7,7,True,2,368,HR 8 RBI3,8,center field,46,19
2023,446,5,67,C Eberle to p for H Wagner.,368,7,366,6,366,6,368,7,7,True,2,368,,,,,
2023,446,5,68,R Garcia grounded out to ss (0-0).,368,7,366,6,366,6,368,7,7,True,2,368,63,6,,278,196
2023,446,5,69,A Ramirez to 2b for L Piper.,368,7,366,6,368,7,366,6,7,False,0,368,,,,,
2023,446,5,70,J Warren struck out looking (3-2 BFKBBFK).,368,7,366,6,368,7,366,6,7,False,0,368,KL,0,,30,659
2023,446,5,71,M Wiggins grounded out to p (1-1 KB).,368,7,366,6,368,7,366,6,7,False,1,368,13,1,,48,659
2023,446,5,72,N Taylor flied out to cf (2-1 BBK).,368,7,366,6,368,7,366,6,7,False,2,368,F8,8,,39,659
2023,447,6,-1,Start of game,368,0,367,0,367,0,368,0,1,True,0,,,,,,
2023,447,6,1,V Hayward walked (3-2 BBKFBB).,368,0,367,0,367,0,368,0,1,True,0,,BB,0,,3,307
2023,447,6,2,A Leach doubled to left field (1-1 KB); V Hayward advanced to third.,368,0,367,0,367,0,368,0,1,True,0,,2B 7,7,left field,69,307
2023,447,6,3,"T Vidales singled to left field, advanced to second on the throw, 2 RBI (2-2 BFFB); A Leach scored; V Hayward scored.",368,0,367,2,367,2,368,0,1,True,0,367,1B 7 OT RBI2,7,left field,29,307
2023,447,6,4,D Mulipola flied out to lf (1-1 BK).,368,0,367,2,367,2,368,0,1,True,0,367,F7,7,,199,307
2023,447,6,5,K Stewart-Hu flied out to lf (0-0).,368,0,367,2,367,2,368,0,1,True,1,367,F7,7,,38,307
2023,447,6,6,J Roberts grounded out to 3b (3-2 BBSBF).,368,0,367,2,367,2,368,0,1,True,2,367,53,5,,34,307
2023,447,6,7,S McKinney singled to third base (1-0 B).,368,0,367,2,368,0,367,2,1,False,0,367,1B 5,5,third base,655,10
2023,447,6,8,S McKinney advanced to second on a passed ball.,368,0,367,2,368,0,367,2,1,False,0,367,,,,,
2023,447,6,9,M Zerkle flied out to cf (2-2 BBKSFF).,368,0,367,2,368,0,367,2,1,False,0,367,F8,8,,84,10
2023,447,6,10,M Davidson walked (3-0 BBBB).,368,0,367,2,368,0,367,2,1,False,1,367,BB,0,,310,10
2023,447,6,11,A Urtez flied out to cf (1-0 B).,368,0,367,2,368,0,367,2,1,False,1,367,F8,8,,9,10
2023,447,6,12,"J Warren singled, advanced to second on a fielding error by rf, advanced to third on the error, RBI (0-1 K); M Davidson scored, unearned; S McKinney scored.",368,2,367,2,368,2,367,2,1,False,2,,1B E9F +E RBI,9,,30,10
2023,447,6,13,M Wiggins flied out to cf (1-1 KB).,368,2,367,2,368,2,367,2,1,False,2,,F8,8,,48,10
2023,447,6,14,C Gano flied out to lf (3-2 BBKKB).,368,2,367,2,367,2,368,2,2,True,0,,F7,7,,167,307
2023,447,6,15,N Mendes grounded out to 2b (1-0 B).,368,2,367,2,367,2,368,2,2,True,1,,43,4,,294,307
2023,447,6,16,J Jackson singled through the left side (0-0).,368,2,367,2,367,2,368,2,2,True,2,,1B LS,7,left side,54,307
2023,447,6,17,V Hayward grounded out to ss (0-0).,368,2,367,2,367,2,368,2,2,True,2,,63,6,,3,307
2023,447,6,18,N Taylor flied out to cf (1-1 BK).,368,2,367,2,368,2,367,2,2,False,0,,F8,8,,39,10
2023,447,6,19,A Filler grounded out to p (1-2 KFB).,368,2,367,2,368,2,367,2,2,False,1,,13,1,,305,10
2023,447,6,20,A Andrews struck out swinging (3-2 BBKBSS).,368,2,367,2,368,2,367,2,2,False,2,,KS,0,,197,10
2023,447,6,21,"A Leach grounded out to 3b, bunt (0-0).",368,2,367,2,367,2,368,2,3,True,0,,53 BU,5,,69,307
2023,447,6,22,T Vidales grounded out to 3b (2-0 BB).,368,2,367,2,367,2,368,2,3,True,1,,53,5,,29,307
2023,447,6,23,D Mulipola grounded out to p (2-2 KFBBF).,368,2,367,2,367,2,368,2,3,True,2,,13,1,,199,307
2023,447,6,24,M Faraimo to p for A Ocasio.,368,2,367,2,368,2,367,2,3,False,0,,,,,,
2023,447,6,25,S McKinney walked (3-2 BKFBBB).,368,2,367,2,368,2,367,2,3,False,0,,BB,0,,655,656
2023,447,6,26,M Zerkle struck out looking (2-2 SBKBK).,368,2,367,2,368,2,367,2,3,False,0,,KL,0,,84,656
2023,447,6,27,M Davidson struck out swinging (0-2 FKS).,368,2,367,2,368,2,367,2,3,False,1,,KS,0,,310,656
2023,447,6,28,A Urtez singled to center field (2-2 KKFBB); S McKinney advanced to second.,368,2,367,2,368,2,367,2,3,False,2,,1B 8,8,center field,9,656
2023,447,6,29,J Warren singled to shortstop (0-0); A Urtez advanced to second; S McKinney advanced to third.,368,2,367,2,368,2,367,2,3,False,2,,1B 6,6,shortstop,30,656
2023,447,6,30,M Wiggins fouled out to c (0-0).,368,2,367,2,368,2,367,2,3,False,2,,FF2,2,,48,656
2023,447,6,31,K Stewart-Hu popped up to 2b (1-1 BK).,368,2,367,2,367,2,368,2,4,True,0,,P4,4,,38,307
2023,447,6,32,J Roberts struck out swinging (2-2 KBFFBS).,368,2,367,2,367,2,368,2,4,True,1,,KS,0,,34,307
2023,447,6,33,C Gano popped up to ss (2-2 BKFB).,368,2,367,2,367,2,368,2,4,True,2,,P6,6,,167,307
2023,447,6,34,N Taylor singled up the middle (2-2 BBKK).,368,2,367,2,368,2,367,2,4,False,0,,1B MI,8,middle,39,656
2023,447,6,35,A Filler struck out swinging (1-2 BKKS).,368,2,367,2,368,2,367,2,4,False,0,,KS,0,,305,656
2023,447,6,36,D Wisz pinch hit for A Andrews.,368,2,367,2,368,2,367,2,4,False,1,,,,,,
2023,447,6,37,D Wisz fouled out to 1b (2-0 BB).,368,2,367,2,368,2,367,2,4,False,1,,FF3,3,,657,656
2023,447,6,38,S McKinney walked (3-1 BBFBB); N Taylor advanced to second.,368,2,367,2,368,2,367,2,4,False,2,,BB,0,,655,656
2023,447,6,39,"M Zerkle singled to center field, RBI (3-2 KBBBF); S McKinney advanced to second; N Taylor scored.",368,3,367,2,368,3,367,2,4,False,2,368,1B 8 RBI,8,center field,84,656
2023,447,6,40,M Davidson walked (3-2 KBBSBB); M Zerkle advanced to second; S McKinney advanced to third.,368,3,367,2,368,3,367,2,4,False,2,368,BB,0,,310,656
2023,447,6,41,M Davidson advanced to second; M Zerkle advanced to third; S McKinney scored on a wild pitch.,368,4,367,2,368,4,367,2,4,False,2,368,,,,,
2023,447,6,42,A Urtez popped up to 3b (2-2 KKBB).,368,4,367,2,368,4,367,2,4,False,2,368,P5,5,,9,656
2023,447,6,43,A Andrews to lf for D Wisz.,368,4,367,2,367,2,368,4,5,True,0,368,,,,,
2023,447,6,44,N Mendes fouled out to c (0-1 F).,368,4,367,2,367,2,368,4,5,True,0,368,FF2,2,,294,307
2023,447,6,45,J Jackson singled up the middle (0-0).,368,4,367,2,367,2,368,4,5,True,1,368,1B MI,8,middle,54,307
2023,447,6,46,V Hayward singled through the left side (2-0 BB); J Jackson advanced to second.,368,4,367,2,367,2,368,4,5,True,1,368,1B LS,7,left side,3,307
2023,447,6,47,A Leach walked (3-2 BKBBKFB); V Hayward advanced to second; J Jackson advanced to third.,368,4,367,2,367,2,368,4,5,True,1,368,BB,0,,69,307
2023,447,6,48,"T Vidales reached on a fielder's choice, RBI (3-2 FFBFFFBBF); A Leach out at second ss to 2b; V Hayward advanced to third; J Jackson scored.",368,4,367,3,367,3,368,4,5,True,1,368,FC RBI,0,,29,307
2023,447,6,49,D Mulipola grounded out to p (0-1 F).,368,4,367,3,367,3,368,4,5,True,2,368,13,1,,199,307
2023,447,6,50,J Warren flied out to cf (2-1 KBB).,368,4,367,3,368,4,367,3,5,False,0,368,F8,8,,30,656
2023,447,6,51,M Wiggins walked (3-2 KKBBFBB).,368,4,367,3,368,4,367,3,5,False,1,368,BB,0,,48,656
2023,447,6,52,N Taylor struck out swinging (1-2 BFSS).,368,4,367,3,368,4,367,3,5,False,1,368,KS,0,,39,656
2023,447,6,53,A Filler grounded out to p (2-2 KBBF).,368,4,367,3,368,4,367,3,5,False,2,368,13,1,,305,656
2023,447,6,54,C Eberle to p for G Corrick.,368,4,367,3,367,3,368,4,6,True,0,368,,,,,
2023,447,6,55,K Stewart-Hu out at first 1b to 2b (0-0).,368,4,367,3,367,3,368,4,6,True,0,368,34,3,,38,196
2023,447,6,56,J Roberts singled through the right side (1-1 KB).,368,4,367,3,367,3,368,4,6,True,1,368,1B RS,9,right side,34,196
2023,447,6,57,A Ocasio pinch ran for J Roberts.,368,4,367,3,367,3,368,4,6,True,1,368,,,,,
2023,447,6,58,C Gano struck out swinging (2-2 FBFBS).,368,4,367,3,367,3,368,4,6,True,1,368,KS,0,,167,196
2023,447,6,59,C Clifton pinch hit for N Mendes.,368,4,367,3,367,3,368,4,6,True,2,368,,,,,
2023,447,6,60,C Clifton grounded out to 3b (1-1 KB).,368,4,367,3,367,3,368,4,6,True,2,368,53,5,,22,196
2023,447,6,61,N Mendes to rf for C Clifton.,368,4,367,3,368,4,367,3,6,False,0,368,,,,,
2023,447,6,62,D Wisz pinch hit for A Andrews.,368,4,367,3,368,4,367,3,6,False,0,368,,,,,
2023,447,6,63,D Wisz flied out to lf (2-1 BKB).,368,4,367,3,368,4,367,3,6,False,0,368,F7,7,,657,656
2023,447,6,64,P St. George to p for M Faraimo.,368,4,367,3,368,4,367,3,6,False,1,368,,,,,
2023,447,6,65,S McKinney grounded out to 2b (1-0 B).,368,4,367,3,368,4,367,3,6,False,1,368,43,4,,655,359
2023,447,6,66,M Zerkle grounded out to 1b unassisted (2-1 KBB).,368,4,367,3,368,4,367,3,6,False,2,368,3UA,3,,84,359
2023,447,6,67,D Wisz to lf.,368,4,367,3,367,3,368,4,7,True,0,368,,,,,
2023,447,6,68,J Roberts to dp for A Ocasio.,368,4,367,3,367,3,368,4,7,True,0,368,,,,,
2023,447,6,69,J Jackson singled to center field (2-2 BKKBF).,368,4,367,3,367,3,368,4,7,True,0,368,1B 8,8,center field,54,196
2023,447,6,70,V Hayward singled to shortstop (3-2 BBBKF); J Jackson advanced to second.,368,4,367,3,367,3,368,4,7,True,0,368,1B 6,6,shortstop,3,196
2023,447,6,71,A Leach reached on a fielder's choice (2-1 KBB); V Hayward out at second 2b to ss; J Jackson advanced to third.,368,4,367,3,367,3,368,4,7,True,0,368,FC,0,,69,196
2023,447,6,72,"T Vidales grounded out to p, RBI (0-0); A Leach advanced to second; J Jackson scored.",368,4,367,4,367,4,368,4,7,True,1,,13 RBI,1,,29,196
2023,447,6,73,D Mulipola walked (3-0 BBBB).,368,4,367,4,367,4,368,4,7,True,2,,BB,0,,199,196
2023,447,6,74,K Stewart-Hu hit by pitch (2-2 KBKFB); D Mulipola advanced to second; A Leach advanced to third.,368,4,367,4,367,4,368,4,7,True,2,,HBP,0,,38,196
2023,447,6,75,"J Roberts singled to right center, 3 RBI (1-0 B); K Stewart-Hu scored; D Mulipola scored; A Leach scored.",368,4,367,7,367,7,368,4,7,True,2,367,1B RC RBI3,9,right center,34,196
2023,447,6,76,C Gano reached on a fielder's choice (0-0); J Roberts out at second ss unassisted.,368,4,367,7,367,7,368,4,7,True,2,367,FC,0,,167,196
2023,447,6,77,M Davidson walked (3-0 BBBB).,368,4,367,7,368,4,367,7,7,False,0,367,BB,0,,310,359
2023,447,6,78,A Urtez reached on a fielder's choice (0-0); M Davidson out at second 2b to ss.,368,4,367,7,368,4,367,7,7,False,0,367,FC,0,,9,359
2023,447,6,79,J Warren struck out swinging (3-2 BKSFBFBS).,368,4,367,7,368,4,367,7,7,False,1,367,KS,0,,30,359
2023,447,6,80,M Wiggins grounded out to 1b unassisted (0-1 K).,368,4,367,7,368,4,367,7,7,False,2,367,3UA,3,,48,359
