season,game_id,game_number,game_report_id,play_seq_num,action,play_desc,player_id,team_id,period,clock,home_team_id,home_team_score,is_a_play,narrative_formatted,has_error,goals,assists,shots,shots_on_goal,assist_player_id,good_clear,failed_clear,disruptor_player_id,gw_goals,pp_goals,sh_goals,ua_goals,ot_goals,en_goals,gt_goals,fg_goals,shootout_goals,penalties,shot_clock_violations,rcs,ycs,mn_penalties,mj_penalties,match_penalties,fouls,face_won,face_lost,gbs,dc,ct,turnovers,caused_turnover_player_id,caused_turnover_team,d_save,minutes,seconds,goalie_time,ga,saves,goalie_player_id,shots_faced,scoring_play
2023,418,1,418,0,GOALIE,Caylee Waters at goalie for 352.,107,352,1,10:00,351,0,True,Caylee Waters at goalie for Team Mastroianni.,False,0,0,0,0,,0,0,,0,0,0,,0,,0,0,0,0,0,0,0,0,0,0,0,0,0,0,0,0,0,,0,0,0,0,0,0,0,,0,False
2023,418,1,418,1,GOALIE,Kady Glynn at goalie for 351.,186,351,1,10:00,351,0,True,Kady Glynn at goalie for Team Apuzzo.,False,0,0,0,0,,0,0,,0,0,0,,0,,0,0,0,0,0,0,0,0,0,0,0,0,0,0,0,0,0,,0,0,0,0,0,0,0,,0,False
2023,418,1,418,2,DC,Draw control by 352 Sam Geiersbach.,490,352,1,10:00,351,0,True,Draw control by Team Mastroianni Sam Geiersbach.,False,0,0,0,0,,0,0,,0,0,0,,0,,0,0,0,0,0,0,0,0,0,0,0,1,1,0,1,0,0,,0,0,0,0,0,0,0,,0,False
2023,418,1,418,3,SHOT,Shot by 352 Sam Geiersbach WIDE.,490,352,1,09:28,351,0,True,Shot by Team Mastroianni Sam Geiersbach WIDE.,False,0,0,1,0,,0,0,,0,0,0,,0,,0,0,0,0,0,0,0,0,0,0,0,0,0,0,0,0,0,,0,0,0,0,0,0,0,186,0,False
2023,418,1,418,4,SHOT,"GOAL by 352 Sam Geiersbach (FIRST GOAL), goal number 1 for season.",490,352,1,09:18,351,0,True,"GOAL by Team Mastroianni Sam Geiersbach (FIRST GOAL), goal number 1 for season.",False,1,0,1,1,,0,0,,0,0,0,1,0,,0,1,0,0,0,0,0,0,0,0,0,0,0,0,0,0,0,,0,0,0,0,0,1,0,186,1,True
2023,418,1,418,5,DC,Draw control by 352 Grace Griffin.,400,352,1,09:18,351,0,True,Draw control by Team Mastroianni Grace Griffin.,False,0,0,0,0,,0,0,,0,0,0,,0,,0,0,0,0,0,0,0,0,0,0,0,1,1,0,1,0,0,,0,0,0,0,0,0,0,,0,False
2023,418,1,418,6,SHOT,Shot by 352 Dempsey Arsenault WIDE.,138,352,1,08:29,351,0,True,Shot by Team Mastroianni Dempsey Arsenault WIDE.,False,0,0,1,0,,0,0,,0,0,0,,0,,0,0,0,0,0,0,0,0,0,0,0,0,0,0,0,0,0,,0,0,0,0,0,0,0,186,0,False
2023,418,1,418,7,2PTR,"2-point GOAL by 352 Ally Mastroianni, Assist by Charlotte North, goal number 1 for season.",395,352,1,08:17,351,0,True,"2-point GOAL by Team Mastroianni Ally Mastroianni, Assist by Charlotte North, goal number 1 for season.",False,1,1,1,1,424,0,0,,0,0,0,0,0,,0,0,0,0,0,0,0,0,0,0,0,0,0,0,0,0,0,,0,0,0,0,0,1,0,186,1,True
2023,418,1,418,8,DC,Draw control by 351 Katie O'Donnell.,136,351,1,08:17,351,0,True,Draw control by Team Apuzzo Katie O'Donnell.,False,0,0,0,0,,0,0,,0,0,0,,0,,0,0,0,0,0,0,0,0,0,0,0,1,1,0,1,0,0,,0,0,0,0,0,0,0,,0,False
2023,418,1,418,9,CLEAR,Clear attempt by 351 good.,,351,1,07:57,351,0,True,Clear attempt by Team Apuzzo good.,False,0,0,0,0,,1,0,,0,0,0,,0,,0,0,0,0,0,0,0,0,0,0,0,0,0,0,0,0,0,,0,0,0,0,0,0,0,,0,False
2023,418,1,418,10,TURN,Turnover by 351 Hailey Rhatigan (caused by Katrina Geiger).,698,351,1,07:33,351,0,True,Turnover by Team Apuzzo Hailey Rhatigan (caused by Katrina Geiger).,False,0,0,0,0,,0,0,,0,0,0,,0,,0,0,0,0,0,0,0,0,0,0,0,0,0,0,0,1,1,105,0,0,0,0,0,0,0,,0,False
2023,418,1,418,11,GB,Ground ball pickup by 352 Caylee Waters.,107,352,1,07:29,351,0,True,Ground ball pickup by Team Mastroianni Caylee Waters.,False,0,0,0,0,,0,0,,0,0,0,,0,,0,0,0,0,0,0,0,0,0,0,0,0,0,1,0,0,0,,0,0,0,0,0,0,0,,0,False
2023,418,1,418,12,CLEAR,Clear attempt by 352 good.,,352,1,07:16,351,0,True,Clear attempt by Team Mastroianni good.,False,0,0,0,0,,1,0,,0,0,0,,0,,0,0,0,0,0,0,0,0,0,0,0,0,0,0,0,0,0,,0,0,0,0,0,0,0,,0,False
2023,418,1,418,13,SHOT,"Shot by 352 Dempsey Arsenault, SAVE Kady Glynn.",138,352,1,06:53,351,0,True,"Shot by Team Mastroianni Dempsey Arsenault, SAVE Kady Glynn.",False,0,0,1,1,,0,0,,0,0,0,,0,,0,0,0,0,0,0,0,0,0,0,0,0,0,0,0,0,0,,0,0,0,0,0,0,1,186,1,False
2023,418,1,418,14,GB,Ground ball pickup by 351 Abby Bosco.,693,351,1,06:48,351,0,True,Ground ball pickup by Team Apuzzo Abby Bosco.,False,0,0,0,0,,0,0,,0,0,0,,0,,0,0,0,0,0,0,0,0,0,0,0,0,0,1,0,0,0,,0,0,0,0,0,0,0,,0,False
2023,418,1,418,15,CLEAR,Clear attempt by 351 good.,,351,1,06:41,351,0,True,Clear attempt by Team Apuzzo good.,False,0,0,0,0,,1,0,,0,0,0,,0,,0,0,0,0,0,0,0,0,0,0,0,0,0,0,0,0,0,,0,0,0,0,0,0,0,,0,False
2023,418,1,418,16,SHOT,"GOAL by 351 Katie O'Donnell, Assist by Hannah Dorney, goal number 1 for season.",136,351,1,06:32,351,0,True,"GOAL by Team Apuzzo Katie O'Donnell, Assist by Hannah Dorney, goal number 1 for season.",False,1,1,1,1,699,0,0,,0,0,0,0,0,,0,0,0,0,0,0,0,0,0,0,0,0,0,0,0,0,0,,0,0,0,0,0,1,0,107,1,True
2023,418,1,418,17,DC,Draw control by 351 Sam Apuzzo.,130,351,1,06:32,351,1,True,Draw control by Team Apuzzo Sam Apuzzo.,False,0,0,0,0,,0,0,,0,0,0,,0,,0,0,0,0,0,0,0,0,0,0,0,1,1,0,1,0,0,,0,0,0,0,0,0,0,,0,False
2023,418,1,418,18,TURN,Turnover by 351 Hailey Rhatigan (caused by Katrina Geiger).,698,351,1,05:44,351,1,True,Turnover by Team Apuzzo Hailey Rhatigan (caused by Katrina Geiger).,False,0,0,0,0,,0,0,,0,0,0,,0,,0,0,0,0,0,0,0,0,0,0,0,0,0,0,0,1,1,105,0,0,0,0,0,0,0,,0,False
2023,418,1,418,19,GB,Ground ball pickup by 352 Dempsey Arsenault.,138,352,1,05:39,351,1,True,Ground ball pickup by Team Mastroianni Dempsey Arsenault.,False,0,0,0,0,,0,0,,0,0,0,,0,,0,0,0,0,0,0,0,0,0,0,0,0,0,1,0,0,0,,0,0,0,0,0,0,0,,0,False
2023,418,1,418,20,CLEAR,Clear attempt by 352 good.,,352,1,05:35,351,1,True,Clear attempt by Team Mastroianni good.,False,0,0,0,0,,1,0,,0,0,0,,0,,0,0,0,0,0,0,0,0,0,0,0,0,0,0,0,0,0,,0,0,0,0,0,0,0,,0,False
2023,418,1,418,21,SHOT,Shot by 352 Alex Aust Holman HIT POST.,162,352,1,05:06,351,1,True,Shot by Team Mastroianni Alex Aust Holman HIT POST.,False,0,0,1,0,,0,0,,0,0,0,,0,,0,0,0,0,0,0,0,0,0,0,0,0,0,0,0,0,0,,0,0,0,0,0,0,0,186,0,False
2023,418,1,418,22,GB,Ground ball pickup by 351 Katie O'Donnell.,136,351,1,05:02,351,1,True,Ground ball pickup by Team Apuzzo Katie O'Donnell.,False,0,0,0,0,,0,0,,0,0,0,,0,,0,0,0,0,0,0,0,0,0,0,0,0,0,1,0,0,0,,0,0,0,0,0,0,0,,0,False
2023,418,1,418,23,CLEAR,Clear attempt by 351 good.,,351,1,04:59,351,1,True,Clear attempt by Team Apuzzo good.,False,0,0,0,0,,1,0,,0,0,0,,0,,0,0,0,0,0,0,0,0,0,0,0,0,0,0,0,0,0,,0,0,0,0,0,0,0,,0,False
2023,418,1,418,24,TURN,Turnover by 351 Hailey Rhatigan (caused by Emma Trenchard).,698,351,1,04:28,351,1,True,Turnover by Team Apuzzo Hailey Rhatigan (caused by Emma Trenchard).,False,0,0,0,0,,0,0,,0,0,0,,0,,0,0,0,0,0,0,0,0,0,0,0,0,0,0,0,1,1,405,0,0,0,0,0,0,0,,0,False
2023,418,1,418,25,GB,Ground ball pickup by 352 Grace Griffin.,400,352,1,04:22,351,1,True,Ground ball pickup by Team Mastroianni Grace Griffin.,False,0,0,0,0,,0,0,,0,0,0,,0,,0,0,0,0,0,0,0,0,0,0,0,0,0,1,0,0,0,,0,0,0,0,0,0,0,,0,False
2023,418,1,418,26,CLEAR,Clear attempt by 352 failed.,,352,1,04:17,351,1,True,Clear attempt by Team Mastroianni failed.,False,0,0,0,0,,0,1,,0,0,0,,0,,0,0,0,0,0,0,0,0,0,0,0,0,0,0,0,0,0,,0,0,0,0,0,0,0,,0,False
2023,418,1,418,27,TURN,Turnover by 352 Grace Griffin.,400,352,1,04:15,351,1,True,Turnover by Team Mastroianni Grace Griffin.,False,0,0,0,0,,0,0,,0,0,0,,0,,0,0,0,0,0,0,0,0,0,0,0,0,0,0,0,0,1,,0,0,0,0,0,0,0,,0,False
2023,418,1,418,28,GB,Ground ball pickup by 351 Marge Donovan.,694,351,1,04:10,351,1,True,Ground ball pickup by Team Apuzzo Marge Donovan.,False,0,0,0,0,,0,0,,0,0,0,,0,,0,0,0,0,0,0,0,0,0,0,0,0,0,1,0,0,0,,0,0,0,0,0,0,0,,0,False
2023,418,1,418,29,SHOT,Shot by 351 Sam Apuzzo WIDE.,130,351,1,03:48,351,1,True,Shot by Team Apuzzo Sam Apuzzo WIDE.,False,0,0,1,0,,0,0,,0,0,0,,0,,0,0,0,0,0,0,0,0,0,0,0,0,0,0,0,0,0,,0,0,0,0,0,0,0,107,0,False
2023,418,1,418,30,TURN,Turnover by 351 (caused by Caylee Waters).,,351,1,03:45,351,1,True,Turnover by Team Apuzzo (caused by Caylee Waters).,False,0,0,0,0,,0,0,,0,0,0,,0,,0,0,0,0,0,0,0,0,0,0,0,0,0,0,0,1,1,107,0,0,0,0,0,0,0,,0,False
2023,418,1,418,32,CLEAR,Clear attempt by 352 failed.,,352,1,03:45,351,1,True,Clear attempt by Team Mastroianni failed.,False,0,0,0,0,,0,1,,0,0,0,,0,,0,0,0,0,0,0,0,0,0,0,0,0,0,0,0,0,0,,0,0,0,0,0,0,0,,0,False
2023,418,1,418,33,TURN,Turnover by 352 Mairead Durkin (caused by Lauren Gilbert).,692,352,1,03:45,351,1,True,Turnover by Team Mastroianni Mairead Durkin (caused by Lauren Gilbert).,False,0,0,0,0,,0,0,,0,0,0,,0,,0,0,0,0,0,0,0,0,0,0,0,0,0,0,0,1,1,406,0,0,0,0,0,0,0,,0,False
2023,418,1,418,34,SHOT,Shot by 351 Katie O'Donnell HIGH.,136,351,1,03:01,351,1,True,Shot by Team Apuzzo Katie O'Donnell HIGH.,False,0,0,1,0,,0,0,,0,0,0,,0,,0,0,0,0,0,0,0,0,0,0,0,0,0,0,0,0,0,,0,0,0,0,0,0,0,107,0,False
2023,418,1,418,35,TURN,Turnover by 351 (caused by Emma Trenchard).,,351,1,02:57,351,1,True,Turnover by Team Apuzzo (caused by Emma Trenchard).,False,0,0,0,0,,0,0,,0,0,0,,0,,0,0,0,0,0,0,0,0,0,0,0,0,0,0,0,1,1,405,0,0,0,0,0,0,0,,0,False
2023,418,1,418,36,CLEAR,Clear attempt by 352 good.,,352,1,02:41,351,1,True,Clear attempt by Team Mastroianni good.,False,0,0,0,0,,1,0,,0,0,0,,0,,0,0,0,0,0,0,0,0,0,0,0,0,0,0,0,0,0,,0,0,0,0,0,0,0,,0,False
2023,418,1,418,37,SHOT,"Shot by 352 Charlotte North, SAVE Kady Glynn.",424,352,1,02:07,351,1,True,"Shot by Team Mastroianni Charlotte North, SAVE Kady Glynn.",False,0,0,1,1,,0,0,,0,0,0,,0,,0,0,0,0,0,0,0,0,0,0,0,0,0,0,0,0,0,,0,0,0,0,0,0,1,186,1,False
2023,418,1,418,38,CLEAR,Clear attempt by 351 failed.,,351,1,01:57,351,1,True,Clear attempt by Team Apuzzo failed.,False,0,0,0,0,,0,1,,0,0,0,,0,,0,0,0,0,0,0,0,0,0,0,0,0,0,0,0,0,0,,0,0,0,0,0,0,0,,0,False
2023,418,1,418,39,TURN,Turnover by 351 Kady Glynn.,186,351,1,01:56,351,1,True,Turnover by Team Apuzzo Kady Glynn.,False,0,0,0,0,,0,0,,0,0,0,,0,,0,0,0,0,0,0,0,0,0,0,0,0,0,0,0,0,1,,0,0,0,0,0,0,0,,0,False
2023,418,1,418,40,SHOT,"GOAL by 352 Sam Geiersbach, goal number 2 for season.",490,352,1,01:19,351,1,True,"GOAL by Team Mastroianni Sam Geiersbach, goal number 2 for season.",False,1,0,1,1,,0,0,,0,0,0,1,0,,0,0,0,0,0,0,0,0,0,0,0,0,0,0,0,0,0,,0,0,0,0,0,1,0,186,1,True
2023,418,1,418,41,DC,Draw control by 352 Katie Ramsay.,704,352,1,01:19,351,1,True,Draw control by Team Mastroianni Katie Ramsay.,False,0,0,0,0,,0,0,,0,0,0,,0,,0,0,0,0,0,0,0,0,0,0,0,1,1,0,1,0,0,,0,0,0,0,0,0,0,,0,False
2023,418,1,418,42,CLEAR,Clear attempt by 352 failed.,,352,1,01:04,351,1,True,Clear attempt by Team Mastroianni failed.,False,0,0,0,0,,0,1,,0,0,0,,0,,0,0,0,0,0,0,0,0,0,0,0,0,0,0,0,0,0,,0,0,0,0,0,0,0,,0,False
2023,418,1,418,43,TURN,Turnover by 352 Emma Trenchard (caused by Hailey Rhatigan).,405,352,1,01:03,351,1,True,Turnover by Team Mastroianni Emma Trenchard (caused by Hailey Rhatigan).,False,0,0,0,0,,0,0,,0,0,0,,0,,0,0,0,0,0,0,0,0,0,0,0,0,0,0,0,1,1,698,0,0,0,0,0,0,0,,0,False
2023,418,1,418,44,SHOT,"GOAL by 351 Katie O'Donnell, Assist by Sam Apuzzo, goal number 2 for season.",136,351,1,00:27,351,1,True,"GOAL by Team Apuzzo Katie O'Donnell, Assist by Sam Apuzzo, goal number 2 for season.",False,1,1,1,1,130,0,0,,0,0,0,0,0,,0,0,0,0,0,0,0,0,0,0,0,0,0,0,0,0,0,,0,0,0,0,0,1,0,107,1,True
2023,418,1,418,45,DC,Draw control by 352 Ally Mastroianni.,395,352,1,00:27,351,2,True,Draw control by Team Mastroianni Ally Mastroianni.,False,0,0,0,0,,0,0,,0,0,0,,0,,0,0,0,0,0,0,0,0,0,0,0,1,1,0,1,0,0,,0,0,0,0,0,0,0,,0,False
2023,418,1,418,48,DC,Draw control by 351 Katie O'Donnell.,136,351,2,10:00,351,0,True,Draw control by Team Apuzzo Katie O'Donnell.,False,0,0,0,0,,0,0,,0,0,0,,0,,0,0,0,0,0,0,0,0,0,0,0,1,1,0,1,0,0,,0,0,0,0,0,0,0,,0,False
2023,418,1,418,49,2PTR,"2-point GOAL by 351 Amanda Johansen, goal number 1 for season.",193,351,2,09:07,351,0,True,"2-point GOAL by Team Apuzzo Amanda Johansen, goal number 1 for season.",False,1,0,1,1,,0,0,,0,0,0,1,0,,0,0,0,0,0,0,0,0,0,0,0,0,0,0,0,0,0,,0,0,0,0,0,1,0,107,1,True
2023,418,1,418,50,DC,Draw control by 352 Ally Mastroianni.,395,352,2,09:07,351,4,True,Draw control by Team Mastroianni Ally Mastroianni.,False,0,0,0,0,,0,0,,0,0,0,,0,,0,0,0,0,0,0,0,0,0,0,0,1,1,0,1,0,0,,0,0,0,0,0,0,0,,0,False
2023,418,1,418,51,SHOT,"GOAL by 352 Ally Mastroianni, goal number 2 for season.",395,352,2,08:22,351,4,True,"GOAL by Team Mastroianni Ally Mastroianni, goal number 2 for season.",False,1,0,1,1,,0,0,,0,0,0,1,0,,0,0,0,0,0,0,0,0,0,0,0,0,0,0,0,0,0,,0,0,0,0,0,1,0,186,1,True
2023,418,1,418,52,DC,Draw control by 351 Abby Bosco.,693,351,2,08:22,351,4,True,Draw control by Team Apuzzo Abby Bosco.,False,0,0,0,0,,0,0,,0,0,0,,0,,0,0,0,0,0,0,0,0,0,0,0,1,1,0,1,0,0,,0,0,0,0,0,0,0,,0,False
2023,418,1,418,53,TURN,Turnover by 351 Abby Bosco (caused by Grace Griffin).,693,351,2,08:07,351,4,True,Turnover by Team Apuzzo Abby Bosco (caused by Grace Griffin).,False,0,0,0,0,,0,0,,0,0,0,,0,,0,0,0,0,0,0,0,0,0,0,0,0,0,0,0,1,1,400,0,0,0,0,0,0,0,,0,False
2023,418,1,418,54,GB,Ground ball pickup by 352 Grace Griffin.,400,352,2,08:03,351,4,True,Ground ball pickup by Team Mastroianni Grace Griffin.,False,0,0,0,0,,0,0,,0,0,0,,0,,0,0,0,0,0,0,0,0,0,0,0,0,0,1,0,0,0,,0,0,0,0,0,0,0,,0,False
2023,418,1,418,55,SHOT,Shot by 352 TT Naslonski WIDE.,688,352,2,07:48,351,4,True,Shot by Team Mastroianni TT Naslonski WIDE.,False,0,0,1,0,,0,0,,0,0,0,,0,,0,0,0,0,0,0,0,0,0,0,0,0,0,0,0,0,0,,0,0,0,0,0,0,0,186,0,False
2023,418,1,418,56,SHOT,"Shot by 352 Sam Geiersbach, SAVE Kady Glynn.",490,352,2,07:35,351,4,True,"Shot by Team Mastroianni Sam Geiersbach, SAVE Kady Glynn.",False,0,0,1,1,,0,0,,0,0,0,,0,,0,0,0,0,0,0,0,0,0,0,0,0,0,0,0,0,0,,0,0,0,0,0,0,1,186,1,False
2023,418,1,418,57,CLEAR,Clear attempt by 351 good.,,351,2,07:22,351,4,True,Clear attempt by Team Apuzzo good.,False,0,0,0,0,,1,0,,0,0,0,,0,,0,0,0,0,0,0,0,0,0,0,0,0,0,0,0,0,0,,0,0,0,0,0,0,0,,0,False
2023,418,1,418,58,SHOT,"GOAL by 351 Hailey Rhatigan, goal number 1 for season.",698,351,2,07:00,351,4,True,"GOAL by Team Apuzzo Hailey Rhatigan, goal number 1 for season.",False,1,0,1,1,,0,0,,0,0,0,1,0,,0,0,0,0,0,0,0,0,0,0,0,0,0,0,0,0,0,,0,0,0,0,0,1,0,107,1,True
2023,418,1,418,59,DC,Draw control by 351 Lauren Gilbert.,406,351,2,07:00,351,5,True,Draw control by Team Apuzzo Lauren Gilbert.,False,0,0,0,0,,0,0,,0,0,0,,0,,0,0,0,0,0,0,0,0,0,0,0,1,1,0,1,0,0,,0,0,0,0,0,0,0,,0,False
2023,418,1,418,60,SHOT,"GOAL by 351 Lauren Gilbert, goal number 1 for season.",406,351,2,06:51,351,5,True,"GOAL by Team Apuzzo Lauren Gilbert, goal number 1 for season.",False,1,0,1,1,,0,0,,0,0,0,1,0,,0,0,0,0,0,0,0,0,0,0,0,0,0,0,0,0,0,,0,0,0,0,0,1,0,107,1,True
2023,418,1,418,61,DC,Draw control by 352 Dempsey Arsenault.,138,352,2,06:51,351,6,True,Draw control by Team Mastroianni Dempsey Arsenault.,False,0,0,0,0,,0,0,,0,0,0,,0,,0,0,0,0,0,0,0,0,0,0,0,1,1,0,1,0,0,,0,0,0,0,0,0,0,,0,False
2023,418,1,418,62,SHOT,"GOAL by 352 Charlotte North, goal number 1 for season.",424,352,2,05:47,351,6,True,"GOAL by Team Mastroianni Charlotte North, goal number 1 for season.",False,1,0,1,1,,0,0,,0,0,0,1,0,,0,0,0,0,0,0,0,0,0,0,0,0,0,0,0,0,0,,0,0,0,0,0,1,0,186,1,True
2023,418,1,418,63,DC,Draw control by 352 Dempsey Arsenault.,138,352,2,05:47,351,6,True,Draw control by Team Mastroianni Dempsey Arsenault.,False,0,0,0,0,,0,0,,0,0,0,,0,,0,0,0,0,0,0,0,0,0,0,0,1,1,0,1,0,0,,0,0,0,0,0,0,0,,0,False
2023,418,1,418,64,FOUL,Foul on 351 Abby Bosco.,693,351,2,05:47,351,6,True,Foul on Team Apuzzo Abby Bosco.,False,0,0,0,0,,0,0,,0,0,0,,0,,0,0,0,0,0,0,0,0,0,0,1,0,0,0,0,0,0,,0,0,0,0,0,0,0,,0,False
2023,418,1,418,65,TURN,Turnover by 352 Dempsey Arsenault (caused by Abby Bosco).,138,352,2,05:34,351,6,True,Turnover by Team Mastroianni Dempsey Arsenault (caused by Abby Bosco).,False,0,0,0,0,,0,0,,0,0,0,,0,,0,0,0,0,0,0,0,0,0,0,0,0,0,0,0,1,1,693,0,0,0,0,0,0,0,,0,False
2023,418,1,418,66,GB,Ground ball pickup by 351 Hannah Dorney.,699,351,2,05:26,351,6,True,Ground ball pickup by Team Apuzzo Hannah Dorney.,False,0,0,0,0,,0,0,,0,0,0,,0,,0,0,0,0,0,0,0,0,0,0,0,0,0,1,0,0,0,,0,0,0,0,0,0,0,,0,False
2023,418,1,418,67,CLEAR,Clear attempt by 351 failed.,,351,2,05:22,351,6,True,Clear attempt by Team Apuzzo failed.,False,0,0,0,0,,0,1,,0,0,0,,0,,0,0,0,0,0,0,0,0,0,0,0,0,0,0,0,0,0,,0,0,0,0,0,0,0,,0,False
2023,418,1,418,68,TURN,Turnover by 351 Hannah Dorney (caused by Dempsey Arsenault).,699,351,2,05:21,351,6,True,Turnover by Team Apuzzo Hannah Dorney (caused by Dempsey Arsenault).,False,0,0,0,0,,0,0,,0,0,0,,0,,0,0,0,0,0,0,0,0,0,0,0,0,0,0,0,1,1,138,0,0,0,0,0,0,0,,0,False
2023,418,1,418,69,GB,Ground ball pickup by 352 Dempsey Arsenault.,138,352,2,05:17,351,6,True,Ground ball pickup by Team Mastroianni Dempsey Arsenault.,False,0,0,0,0,,0,0,,0,0,0,,0,,0,0,0,0,0,0,0,0,0,0,0,0,0,1,0,0,0,,0,0,0,0,0,0,0,,0,False
2023,418,1,418,70,SHOT,"Shot by 352 Charlotte North, SAVE Kady Glynn.",424,352,2,05:11,351,6,True,"Shot by Team Mastroianni Charlotte North, SAVE Kady Glynn.",False,0,0,1,1,,0,0,,0,0,0,,0,,0,0,0,0,0,0,0,0,0,0,0,0,0,0,0,0,0,,0,0,0,0,0,0,1,186,1,False
2023,418,1,418,71,CLEAR,Clear attempt by 351 good.,,351,2,05:07,351,6,True,Clear attempt by Team Apuzzo good.,False,0,0,0,0,,1,0,,0,0,0,,0,,0,0,0,0,0,0,0,0,0,0,0,0,0,0,0,0,0,,0,0,0,0,0,0,0,,0,False
2023,418,1,418,72,SHOT,Shot by 351 Amanda Johansen HIT POST.,193,351,2,05:00,351,6,True,Shot by Team Apuzzo Amanda Johansen HIT POST.,False,0,0,1,0,,0,0,,0,0,0,,0,,0,0,0,0,0,0,0,0,0,0,0,0,0,0,0,0,0,,0,0,0,0,0,0,0,107,0,False
2023,418,1,418,73,GB,Ground ball pickup by 352 Katrina Geiger.,105,352,2,04:55,351,6,True,Ground ball pickup by Team Mastroianni Katrina Geiger.,False,0,0,0,0,,0,0,,0,0,0,,0,,0,0,0,0,0,0,0,0,0,0,0,0,0,1,0,0,0,,0,0,0,0,0,0,0,,0,False
2023,418,1,418,74,GC,Green card on 352 TT Naslonski.,,352,2,04:55,351,6,True,Green card on Team Mastroianni TT Naslonski.,False,0,0,0,0,,0,0,,0,0,0,,0,,0,0,0,0,0,0,0,0,0,0,0,0,0,0,0,0,0,,0,0,0,0,0,0,0,,0,False
2023,418,1,418,76,TURN,Turnover by 351 Lauren Gilbert.,406,351,2,04:23,351,6,True,Turnover by Team Apuzzo Lauren Gilbert.,False,0,0,0,0,,0,0,,0,0,0,,0,,0,0,0,0,0,0,0,0,0,0,0,0,0,0,0,0,1,,0,0,0,0,0,0,0,,0,False
2023,418,1,418,77,GB,Ground ball pickup by 352 Mairead Durkin.,692,352,2,04:19,351,6,True,Ground ball pickup by Team Mastroianni Mairead Durkin.,False,0,0,0,0,,0,0,,0,0,0,,0,,0,0,0,0,0,0,0,0,0,0,0,0,0,1,0,0,0,,0,0,0,0,0,0,0,,0,False
2023,418,1,418,78,CLEAR,Clear attempt by 352 good.,,352,2,04:16,351,6,True,Clear attempt by Team Mastroianni good.,False,0,0,0,0,,1,0,,0,0,0,,0,,0,0,0,0,0,0,0,0,0,0,0,0,0,0,0,0,0,,0,0,0,0,0,0,0,,0,False
2023,418,1,418,79,2PTR,"2-point Shot by 352 Charlotte North, SAVE Kady Glynn.",424,352,2,04:10,351,6,True,"2-point Shot by Team Mastroianni Charlotte North, SAVE Kady Glynn.",False,0,0,1,1,,0,0,,0,0,0,,0,,0,0,0,0,0,0,0,0,0,0,0,0,0,0,0,0,0,,0,0,0,0,0,0,1,186,1,False
2023,418,1,418,80,CLEAR,Clear attempt by 351 good.,,351,2,04:05,351,6,True,Clear attempt by Team Apuzzo good.,False,0,0,0,0,,1,0,,0,0,0,,0,,0,0,0,0,0,0,0,0,0,0,0,0,0,0,0,0,0,,0,0,0,0,0,0,0,,0,False
2023,418,1,418,81,SHOT,"Shot by 351 Hailey Rhatigan, SAVE Caylee Waters.",698,351,2,04:00,351,6,True,"Shot by Team Apuzzo Hailey Rhatigan, SAVE Caylee Waters.",False,0,0,1,1,,0,0,,0,0,0,,0,,0,0,0,0,0,0,0,0,0,0,0,0,0,0,0,0,0,,0,0,0,0,0,0,1,107,1,False
2023,418,1,418,82,CLEAR,Clear attempt by 352 good.,,352,2,03:50,351,6,True,Clear attempt by Team Mastroianni good.,False,0,0,0,0,,1,0,,0,0,0,,0,,0,0,0,0,0,0,0,0,0,0,0,0,0,0,0,0,0,,0,0,0,0,0,0,0,,0,False
2023,418,1,418,83,2PTR,2-point Shot by 352 Ally Mastroianni HIGH.,395,352,2,03:18,351,6,True,2-point Shot by Team Mastroianni Ally Mastroianni HIGH.,False,0,0,1,0,,0,0,,0,0,0,,0,,0,0,0,0,0,0,0,0,0,0,0,0,0,0,0,0,0,,0,0,0,0,0,0,0,186,0,False
2023,418,1,418,84,TURN,Turnover by 352 Charlotte North (caused by Katie Detwiler).,424,352,2,03:06,351,6,True,Turnover by Team Mastroianni Charlotte North (caused by Katie Detwiler).,False,0,0,0,0,,0,0,,0,0,0,,0,,0,0,0,0,0,0,0,0,0,0,0,0,0,0,0,1,1,691,0,0,0,0,0,0,0,,0,False
2023,418,1,418,85,GB,Ground ball pickup by 351 Katie Detwiler.,691,351,2,03:01,351,6,True,Ground ball pickup by Team Apuzzo Katie Detwiler.,False,0,0,0,0,,0,0,,0,0,0,,0,,0,0,0,0,0,0,0,0,0,0,0,0,0,1,0,0,0,,0,0,0,0,0,0,0,,0,False
2023,418,1,418,86,CLEAR,Clear attempt by 351 good.,,351,2,02:59,351,6,True,Clear attempt by Team Apuzzo good.,False,0,0,0,0,,1,0,,0,0,0,,0,,0,0,0,0,0,0,0,0,0,0,0,0,0,0,0,0,0,,0,0,0,0,0,0,0,,0,False
2023,418,1,418,87,2PTR,"2-point Shot by 351 Lauren Gilbert, SAVE Caylee Waters.",406,351,2,02:56,351,6,True,"2-point Shot by Team Apuzzo Lauren Gilbert, SAVE Caylee Waters.",False,0,0,1,1,,0,0,,0,0,0,,0,,0,0,0,0,0,0,0,0,0,0,0,0,0,0,0,0,0,,0,0,0,0,0,0,1,107,1,False
2023,418,1,418,88,TURN,Turnover by 352.,,352,2,02:16,351,6,True,Turnover by Team Mastroianni.,False,0,0,0,0,,0,0,,0,0,0,,0,,0,0,0,0,0,0,0,0,0,0,0,0,0,0,0,1,1,,1,0,0,0,0,0,0,,0,False
2023,418,1,418,89,SHOT,"GOAL by 351 Sam Apuzzo, goal number 1 for season.",130,351,2,01:42,351,6,True,"GOAL by Team Apuzzo Sam Apuzzo, goal number 1 for season.",False,1,0,1,1,,0,0,,0,0,0,1,0,,0,0,0,0,0,0,0,0,0,0,0,0,0,0,0,0,0,,0,0,0,0,0,1,0,107,1,True
2023,418,1,418,90,DC,Draw control by 351 Taylor VanThof.,102,351,2,01:42,351,7,True,Draw control by Team Apuzzo Taylor VanThof.,False,0,0,0,0,,0,0,,0,0,0,,0,,0,0,0,0,0,0,0,0,0,0,0,1,1,0,1,0,0,,0,0,0,0,0,0,0,,0,False
2023,418,1,418,91,CLEAR,Clear attempt by 351 good.,,351,2,01:29,351,7,True,Clear attempt by Team Apuzzo good.,False,0,0,0,0,,1,0,,0,0,0,,0,,0,0,0,0,0,0,0,0,0,0,0,0,0,0,0,0,0,,0,0,0,0,0,0,0,,0,False
2023,418,1,418,92,2PTR,2-point Shot by 351 Amanda Johansen WIDE.,193,351,2,00:43,351,7,True,2-point Shot by Team Apuzzo Amanda Johansen WIDE.,False,0,0,1,0,,0,0,,0,0,0,,0,,0,0,0,0,0,0,0,0,0,0,0,0,0,0,0,0,0,,0,0,0,0,0,0,0,107,0,False
2023,418,1,418,93,TURN,Turnover by 351 Sam Apuzzo.,130,351,2,00:34,351,7,True,Turnover by Team Apuzzo Sam Apuzzo.,False,0,0,0,0,,0,0,,0,0,0,,0,,0,0,0,0,0,0,0,0,0,0,0,0,0,0,0,0,1,,0,0,0,0,0,0,0,,0,False
2023,418,1,418,94,GB,Ground ball pickup by 352 Courtney Taylor.,394,352,2,00:25,351,7,True,Ground ball pickup by Team Mastroianni Courtney Taylor.,False,0,0,0,0,,0,0,,0,0,0,,0,,0,0,0,0,0,0,0,0,0,0,0,0,0,1,0,0,0,,0,0,0,0,0,0,0,,0,False
2023,418,1,418,95,CLEAR,Clear attempt by 352 good.,,352,2,00:23,351,7,True,Clear attempt by Team Mastroianni good.,False,0,0,0,0,,1,0,,0,0,0,,0,,0,0,0,0,0,0,0,0,0,0,0,0,0,0,0,0,0,,0,0,0,0,0,0,0,,0,False
2023,418,1,418,96,TURN,Turnover by 352 TT Naslonski.,688,352,2,00:17,351,7,True,Turnover by Team Mastroianni TT Naslonski.,False,0,0,0,0,,0,0,,0,0,0,,0,,0,0,0,0,0,0,0,0,0,0,0,0,0,0,0,0,1,,0,0,0,0,0,0,0,,0,False
2023,418,1,418,97,GB,Ground ball pickup by 351 Kady Glynn.,186,351,2,00:11,351,7,True,Ground ball pickup by Team Apuzzo Kady Glynn.,False,0,0,0,0,,0,0,,0,0,0,,0,,0,0,0,0,0,0,0,0,0,0,0,0,0,1,0,0,0,,0,0,0,0,0,0,0,,0,False
2023,418,1,418,98,CLEAR,Clear attempt by 351 good.,,351,2,00:01,351,7,True,Clear attempt by Team Apuzzo good.,False,0,0,0,0,,1,0,,0,0,0,,0,,0,0,0,0,0,0,0,0,0,0,0,0,0,0,0,0,0,,0,0,0,0,0,0,0,,0,False
2023,418,1,418,101,GOALIE,Sarah Reznick at goalie for 352.,695,352,3,10:00,351,0,True,Sarah Reznick at goalie for Team Mastroianni.,False,0,0,0,0,,0,0,,0,0,0,,0,,0,0,0,0,0,0,0,0,0,0,0,0,0,0,0,0,0,,0,0,0,0,0,0,0,,0,False
2023,418,1,418,102,DC,Draw control by 352 Grace Griffin.,400,352,3,10:00,351,0,True,Draw control by Team Mastroianni Grace Griffin.,False,0,0,0,0,,0,0,,0,0,0,,0,,0,0,0,0,0,0,0,0,0,0,0,1,1,0,1,0,0,,0,0,0,0,0,0,0,,0,False
2023,418,1,418,103,SHOT,Shot by 352 Ally Mastroianni HIGH.,395,352,3,09:40,351,0,True,Shot by Team Mastroianni Ally Mastroianni HIGH.,False,0,0,1,0,,0,0,,0,0,0,,0,,0,0,0,0,0,0,0,0,0,0,0,0,0,0,0,0,0,,0,0,0,0,0,0,0,186,0,False
2023,418,1,418,104,SHOT,Shot by 352 Ally Mastroianni WIDE.,395,352,3,09:21,351,0,True,Shot by Team Mastroianni Ally Mastroianni WIDE.,False,0,0,1,0,,0,0,,0,0,0,,0,,0,0,0,0,0,0,0,0,0,0,0,0,0,0,0,0,0,,0,0,0,0,0,0,0,186,0,False
2023,418,1,418,105,TURN,Turnover by 352 Alex Aust Holman (caused by Abby Bosco).,162,352,3,09:07,351,0,True,Turnover by Team Mastroianni Alex Aust Holman (caused by Abby Bosco).,False,0,0,0,0,,0,0,,0,0,0,,0,,0,0,0,0,0,0,0,0,0,0,0,0,0,0,0,1,1,693,0,0,0,0,0,0,0,,0,False
2023,418,1,418,106,GB,Ground ball pickup by 351 Katie Detwiler.,691,351,3,09:02,351,0,True,Ground ball pickup by Team Apuzzo Katie Detwiler.,False,0,0,0,0,,0,0,,0,0,0,,0,,0,0,0,0,0,0,0,0,0,0,0,0,0,1,0,0,0,,0,0,0,0,0,0,0,,0,False
2023,418,1,418,107,CLEAR,Clear attempt by 351 good.,,351,3,09:00,351,0,True,Clear attempt by Team Apuzzo good.,False,0,0,0,0,,1,0,,0,0,0,,0,,0,0,0,0,0,0,0,0,0,0,0,0,0,0,0,0,0,,0,0,0,0,0,0,0,,0,False
2023,418,1,418,108,SHOT,"Shot by 351 Hannah Dorney, SAVE Sarah Reznick.",699,351,3,08:56,351,0,True,"Shot by Team Apuzzo Hannah Dorney, SAVE Sarah Reznick.",False,0,0,1,1,,0,0,,0,0,0,,0,,0,0,0,0,0,0,0,0,0,0,0,0,0,0,0,0,0,,0,0,0,0,0,0,1,695,1,False
2023,418,1,418,109,GB,Ground ball pickup by 351 Hailey Rhatigan.,698,351,3,08:54,351,0,True,Ground ball pickup by Team Apuzzo Hailey Rhatigan.,False,0,0,0,0,,0,0,,0,0,0,,0,,0,0,0,0,0,0,0,0,0,0,0,0,0,1,0,0,0,,0,0,0,0,0,0,0,,0,False
2023,418,1,418,110,TURN,Turnover by 351 Lauren Gilbert (caused by Katrina Geiger).,406,351,3,08:29,351,0,True,Turnover by Team Apuzzo Lauren Gilbert (caused by Katrina Geiger).,False,0,0,0,0,,0,0,,0,0,0,,0,,0,0,0,0,0,0,0,0,0,0,0,0,0,0,0,1,1,105,0,0,0,0,0,0,0,,0,False
2023,418,1,418,111,GB,Ground ball pickup by 352 Grace Griffin.,400,352,3,08:23,351,0,True,Ground ball pickup by Team Mastroianni Grace Griffin.,False,0,0,0,0,,0,0,,0,0,0,,0,,0,0,0,0,0,0,0,0,0,0,0,0,0,1,0,0,0,,0,0,0,0,0,0,0,,0,False
2023,418,1,418,112,CLEAR,Clear attempt by 352 good.,,352,3,08:20,351,0,True,Clear attempt by Team Mastroianni good.,False,0,0,0,0,,1,0,,0,0,0,,0,,0,0,0,0,0,0,0,0,0,0,0,0,0,0,0,0,0,,0,0,0,0,0,0,0,,0,False
2023,418,1,418,113,2PTR,"2-point GOAL by 352 Charlotte North, Assist by Ally Mastroianni, goal number 2 for season.",424,352,3,08:12,351,0,True,"2-point GOAL by Team Mastroianni Charlotte North, Assist by Ally Mastroianni, goal number 2 for season.",False,1,1,1,1,395,0,0,,0,0,0,0,0,,0,0,0,0,0,0,0,0,0,0,0,0,0,0,0,0,0,,0,0,0,0,0,1,0,186,1,True
2023,418,1,418,114,DC,Draw control by 351 Abby Bosco.,693,351,3,08:12,351,7,True,Draw control by Team Apuzzo Abby Bosco.,False,0,0,0,0,,0,0,,0,0,0,,0,,0,0,0,0,0,0,0,0,0,0,0,1,1,0,1,0,0,,0,0,0,0,0,0,0,,0,False
2023,418,1,418,115,YC,Yellow card on 352 Ally Mastroianni.,395,352,3,08:12,351,7,True,Yellow card on Team Mastroianni Ally Mastroianni.,False,0,0,0,0,,0,0,,0,0,0,,0,,0,0,0,0,0,0,1,0,0,0,0,0,0,0,0,0,0,,0,0,0,0,0,0,0,,0,False
2023,418,1,418,116,SHOT,Shot by 351 Hailey Rhatigan BLOCKED.,698,351,3,07:37,351,7,True,Shot by Team Apuzzo Hailey Rhatigan BLOCKED.,False,0,0,1,0,,0,0,,0,0,0,,0,,0,0,0,0,0,0,0,0,0,0,0,0,0,0,0,0,0,,0,0,0,0,0,0,0,695,0,False
2023,418,1,418,117,RC,Red card on 351 Hailey Rhatigan.,698,351,3,07:37,351,7,True,Red card on Team Apuzzo Hailey Rhatigan.,False,0,0,0,0,,0,0,,0,0,0,,0,,0,0,0,0,0,1,0,0,0,0,0,0,0,0,0,0,0,,0,0,0,0,0,0,0,,0,False
2023,418,1,418,118,TURN,Turnover by 351 Hailey Rhatigan (caused by Mairead Durkin).,698,351,3,07:37,351,7,True,Turnover by Team Apuzzo Hailey Rhatigan (caused by Mairead Durkin).,False,0,0,0,0,,0,0,,0,0,0,,0,,0,0,0,0,0,0,0,0,0,0,0,0,0,0,0,1,1,692,0,0,0,0,0,0,0,,0,False
2023,418,1,418,119,CLEAR,Clear attempt by 352 failed.,,352,3,07:30,351,7,True,Clear attempt by Team Mastroianni failed.,False,0,0,0,0,,0,1,,0,0,0,,0,,0,0,0,0,0,0,0,0,0,0,0,0,0,0,0,0,0,,0,0,0,0,0,0,0,,0,False
2023,418,1,418,120,TURN,Turnover by 352 Courtney Taylor.,394,352,3,07:29,351,7,True,Turnover by Team Mastroianni Courtney Taylor.,False,0,0,0,0,,0,0,,0,0,0,,0,,0,0,0,0,0,0,0,0,0,0,0,0,0,0,0,0,1,,0,0,0,0,0,0,0,,0,False
2023,418,1,418,121,TURN,Turnover by 351 Sam Apuzzo (caused by Grace Griffin).,130,351,3,06:43,351,7,True,Turnover by Team Apuzzo Sam Apuzzo (caused by Grace Griffin).,False,0,0,0,0,,0,0,,0,0,0,,0,,0,0,0,0,0,0,0,0,0,0,0,0,0,0,0,1,1,400,0,0,0,0,0,0,0,,0,False
2023,418,1,418,122,GB,Ground ball pickup by 352 Sarah Reznick.,695,352,3,06:39,351,7,True,Ground ball pickup by Team Mastroianni Sarah Reznick.,False,0,0,0,0,,0,0,,0,0,0,,0,,0,0,0,0,0,0,0,0,0,0,0,0,0,1,0,0,0,,0,0,0,0,0,0,0,,0,False
2023,418,1,418,123,CLEAR,Clear attempt by 352 failed.,,352,3,06:37,351,7,True,Clear attempt by Team Mastroianni failed.,False,0,0,0,0,,0,1,,0,0,0,,0,,0,0,0,0,0,0,0,0,0,0,0,0,0,0,0,0,0,,0,0,0,0,0,0,0,,0,False
2023,418,1,418,124,TURN,Turnover by 352 Sarah Reznick.,695,352,3,06:35,351,7,True,Turnover by Team Mastroianni Sarah Reznick.,False,0,0,0,0,,0,0,,0,0,0,,0,,0,0,0,0,0,0,0,0,0,0,0,0,0,0,0,0,1,,0,0,0,0,0,0,0,,0,False
2023,418,1,418,125,GB,Ground ball pickup by 351 Lauren Gilbert.,406,351,3,06:30,351,7,True,Ground ball pickup by Team Apuzzo Lauren Gilbert.,False,0,0,0,0,,0,0,,0,0,0,,0,,0,0,0,0,0,0,0,0,0,0,0,0,0,1,0,0,0,,0,0,0,0,0,0,0,,0,False
2023,418,1,418,126,FOUL,Foul on 352 Dempsey Arsenault.,138,352,3,06:30,351,7,True,Foul on Team Mastroianni Dempsey Arsenault.,False,0,0,0,0,,0,0,,0,0,0,,0,,0,0,0,0,0,0,0,0,0,0,1,0,0,0,0,0,0,,0,0,0,0,0,0,0,,0,False
2023,418,1,418,127,SHOT,Shot by 351 Amanda Johansen HIGH.,193,351,3,05:40,351,7,True,Shot by Team Apuzzo Amanda Johansen HIGH.,False,0,0,1,0,,0,0,,0,0,0,,0,,0,0,0,0,0,0,0,0,0,0,0,0,0,0,0,0,0,,0,0,0,0,0,0,0,695,0,False
2023,418,1,418,128,CLOCKV,Shot clock violation by 351.,,351,3,03:21,351,7,True,Shot clock violation by Team Apuzzo.,False,0,0,0,0,,0,0,,0,0,0,,0,,0,0,0,0,1,0,0,0,0,0,0,0,0,0,0,0,0,,0,0,0,0,0,0,0,,0,False
2023,418,1,418,129,CLEAR,Clear attempt by 352 good.,,352,3,05:21,351,7,True,Clear attempt by Team Mastroianni good.,False,0,0,0,0,,1,0,,0,0,0,,0,,0,0,0,0,0,0,0,0,0,0,0,0,0,0,0,0,0,,0,0,0,0,0,0,0,,0,False
2023,418,1,418,130,SHOT,"Shot by 352 Sam Geiersbach, SAVE Kady Glynn.",490,352,3,04:36,351,7,True,"Shot by Team Mastroianni Sam Geiersbach, SAVE Kady Glynn.",False,0,0,1,1,,0,0,,0,0,0,,0,,0,0,0,0,0,0,0,0,0,0,0,0,0,0,0,0,0,,0,0,0,0,0,0,1,186,1,False
2023,418,1,418,131,SHOT,Shot by 352 Ally Mastroianni WIDE.,395,352,3,04:11,351,7,True,Shot by Team Mastroianni Ally Mastroianni WIDE.,False,0,0,1,0,,0,0,,0,0,0,,0,,0,0,0,0,0,0,0,0,0,0,0,0,0,0,0,0,0,,0,0,0,0,0,0,0,186,0,False
2023,418,1,418,132,GB,Ground ball pickup by 352 Sam Geiersbach.,490,352,3,04:08,351,7,True,Ground ball pickup by Team Mastroianni Sam Geiersbach.,False,0,0,0,0,,0,0,,0,0,0,,0,,0,0,0,0,0,0,0,0,0,0,0,0,0,1,0,0,0,,0,0,0,0,0,0,0,,0,False
2023,418,1,418,133,SHOT,"Shot by 352 Grace Griffin, SAVE Kady Glynn.",400,352,3,03:51,351,7,True,"Shot by Team Mastroianni Grace Griffin, SAVE Kady Glynn.",False,0,0,1,1,,0,0,,0,0,0,,0,,0,0,0,0,0,0,0,0,0,0,0,0,0,0,0,0,0,,0,0,0,0,0,0,1,186,1,False
2023,418,1,418,134,CLEAR,Clear attempt by 351 good.,,351,3,03:42,351,7,True,Clear attempt by Team Apuzzo good.,False,0,0,0,0,,1,0,,0,0,0,,0,,0,0,0,0,0,0,0,0,0,0,0,0,0,0,0,0,0,,0,0,0,0,0,0,0,,0,False
2023,418,1,418,135,SHOT,"GOAL by 351 Sam Apuzzo, goal number 2 for season.",130,351,3,03:21,351,7,True,"GOAL by Team Apuzzo Sam Apuzzo, goal number 2 for season.",False,1,0,1,1,,0,0,,0,0,0,1,0,,0,0,0,0,0,0,0,0,0,0,0,0,0,0,0,0,0,,0,0,0,0,0,1,0,695,1,True
2023,418,1,418,137,DC,Draw control by 352 Sam Geiersbach.,490,352,3,03:21,351,8,True,Draw control by Team Mastroianni Sam Geiersbach.,False,0,0,0,0,,0,0,,0,0,0,,0,,0,0,0,0,0,0,0,0,0,0,0,1,1,0,1,0,0,,0,0,0,0,0,0,0,,0,False
2023,418,1,418,138,SHOT,"Shot by 352 Grace Griffin, SAVE Kady Glynn.",400,352,3,03:09,351,8,True,"Shot by Team Mastroianni Grace Griffin, SAVE Kady Glynn.",False,0,0,1,1,,0,0,,0,0,0,,0,,0,0,0,0,0,0,0,0,0,0,0,0,0,0,0,0,0,,0,0,0,0,0,0,1,186,1,False
2023,418,1,418,139,GB,Ground ball pickup by 352 Grace Griffin.,400,352,3,03:06,351,8,True,Ground ball pickup by Team Mastroianni Grace Griffin.,False,0,0,0,0,,0,0,,0,0,0,,0,,0,0,0,0,0,0,0,0,0,0,0,0,0,1,0,0,0,,0,0,0,0,0,0,0,,0,False
2023,418,1,418,140,TURN,Turnover by 352 Ally Mastroianni (caused by Katie O'Donnell).,395,352,3,02:29,351,8,True,Turnover by Team Mastroianni Ally Mastroianni (caused by Katie O'Donnell).,False,0,0,0,0,,0,0,,0,0,0,,0,,0,0,0,0,0,0,0,0,0,0,0,0,0,0,0,1,1,136,0,0,0,0,0,0,0,,0,False
2023,418,1,418,141,GB,Ground ball pickup by 351 Katie O'Donnell.,136,351,3,02:25,351,8,True,Ground ball pickup by Team Apuzzo Katie O'Donnell.,False,0,0,0,0,,0,0,,0,0,0,,0,,0,0,0,0,0,0,0,0,0,0,0,0,0,1,0,0,0,,0,0,0,0,0,0,0,,0,False
2023,418,1,418,142,CLEAR,Clear attempt by 351 good.,,351,3,02:23,351,8,True,Clear attempt by Team Apuzzo good.,False,0,0,0,0,,1,0,,0,0,0,,0,,0,0,0,0,0,0,0,0,0,0,0,0,0,0,0,0,0,,0,0,0,0,0,0,0,,0,False
2023,418,1,418,143,TURN,Turnover by 351 Katie O'Donnell (caused by Ally Mastroianni).,136,351,3,02:15,351,8,True,Turnover by Team Apuzzo Katie O'Donnell (caused by Ally Mastroianni).,False,0,0,0,0,,0,0,,0,0,0,,0,,0,0,0,0,0,0,0,0,0,0,0,0,0,0,0,1,1,395,0,0,0,0,0,0,0,,0,False
2023,418,1,418,144,GB,Ground ball pickup by 352 Katrina Geiger.,105,352,3,02:11,351,8,True,Ground ball pickup by Team Mastroianni Katrina Geiger.,False,0,0,0,0,,0,0,,0,0,0,,0,,0,0,0,0,0,0,0,0,0,0,0,0,0,1,0,0,0,,0,0,0,0,0,0,0,,0,False
2023,418,1,418,145,CLEAR,Clear attempt by 352 good.,,352,3,02:03,351,8,True,Clear attempt by Team Mastroianni good.,False,0,0,0,0,,1,0,,0,0,0,,0,,0,0,0,0,0,0,0,0,0,0,0,0,0,0,0,0,0,,0,0,0,0,0,0,0,,0,False
2023,418,1,418,146,SHOT,"GOAL by 352 Dempsey Arsenault, goal number 1 for season.",138,352,3,01:33,351,8,True,"GOAL by Team Mastroianni Dempsey Arsenault, goal number 1 for season.",False,1,0,1,1,,0,0,,0,0,0,1,0,,0,0,0,0,0,0,0,0,0,0,0,0,0,0,0,0,0,,0,0,0,0,0,1,0,186,1,True
2023,418,1,418,147,DC,Draw control by 351 Sam Apuzzo.,130,351,3,01:33,351,8,True,Draw control by Team Apuzzo Sam Apuzzo.,False,0,0,0,0,,0,0,,0,0,0,,0,,0,0,0,0,0,0,0,0,0,0,0,1,1,0,1,0,0,,0,0,0,0,0,0,0,,0,False
2023,418,1,418,148,FOUL,Foul on 352 Katie Ramsay.,704,352,3,01:33,351,8,True,Foul on Team Mastroianni Katie Ramsay.,False,0,0,0,0,,0,0,,0,0,0,,0,,0,0,0,0,0,0,0,0,0,0,1,0,0,0,0,0,0,,0,0,0,0,0,0,0,,0,False
2023,418,1,418,149,TURN,Turnover by 351 Taylor VanThof.,102,351,3,00:38,351,8,True,Turnover by Team Apuzzo Taylor VanThof.,False,0,0,0,0,,0,0,,0,0,0,,0,,0,0,0,0,0,0,0,0,0,0,0,0,0,0,0,0,1,,0,0,0,0,0,0,0,,0,False
2023,418,1,418,150,GB,Ground ball pickup by 352 Sam Geiersbach.,490,352,3,00:34,351,8,True,Ground ball pickup by Team Mastroianni Sam Geiersbach.,False,0,0,0,0,,0,0,,0,0,0,,0,,0,0,0,0,0,0,0,0,0,0,0,0,0,1,0,0,0,,0,0,0,0,0,0,0,,0,False
2023,418,1,418,151,TURN,Turnover by 352 Sam Geiersbach (caused by Katie O'Donnell).,490,352,3,00:30,351,8,True,Turnover by Team Mastroianni Sam Geiersbach (caused by Katie O'Donnell).,False,0,0,0,0,,0,0,,0,0,0,,0,,0,0,0,0,0,0,0,0,0,0,0,0,0,0,0,1,1,136,0,0,0,0,0,0,0,,0,False
2023,418,1,418,152,GB,Ground ball pickup by 351 Katie O'Donnell.,136,351,3,00:25,351,8,True,Ground ball pickup by Team Apuzzo Katie O'Donnell.,False,0,0,0,0,,0,0,,0,0,0,,0,,0,0,0,0,0,0,0,0,0,0,0,0,0,1,0,0,0,,0,0,0,0,0,0,0,,0,False
2023,418,1,418,153,2PTR,"2-point Shot by 351 Amanda Johansen, SAVE Sarah Reznick.",193,351,3,00:05,351,8,True,"2-point Shot by Team Apuzzo Amanda Johansen, SAVE Sarah Reznick.",False,0,0,1,1,,0,0,,0,0,0,,0,,0,0,0,0,0,0,0,0,0,0,0,0,0,0,0,0,0,,0,0,0,0,0,0,1,695,1,False
2023,418,1,418,156,DC,Draw control by 352 Katie Ramsay.,704,352,4,10:00,351,0,True,Draw control by Team Mastroianni Katie Ramsay.,False,0,0,0,0,,0,0,,0,0,0,,0,,0,0,0,0,0,0,0,0,0,0,0,1,1,0,1,0,0,,0,0,0,0,0,0,0,,0,False
2023,418,1,418,157,CLEAR,Clear attempt by 352 good.,,352,4,09:43,351,0,True,Clear attempt by Team Mastroianni good.,False,0,0,0,0,,1,0,,0,0,0,,0,,0,0,0,0,0,0,0,0,0,0,0,0,0,0,0,0,0,,0,0,0,0,0,0,0,,0,False
2023,418,1,418,158,SHOT,"Shot by 352 Sam Geiersbach, SAVE Kady Glynn.",490,352,4,09:24,351,0,True,"Shot by Team Mastroianni Sam Geiersbach, SAVE Kady Glynn.",False,0,0,1,1,,0,0,,0,0,0,,0,,0,0,0,0,0,0,0,0,0,0,0,0,0,0,0,0,0,,0,0,0,0,0,0,1,186,1,False
2023,418,1,418,159,CLEAR,Clear attempt by 351 good.,,351,4,09:10,351,0,True,Clear attempt by Team Apuzzo good.,False,0,0,0,0,,1,0,,0,0,0,,0,,0,0,0,0,0,0,0,0,0,0,0,0,0,0,0,0,0,,0,0,0,0,0,0,0,,0,False
2023,418,1,418,160,FOUL,Foul on 352 Courtney Taylor.,394,352,4,09:10,351,0,True,Foul on Team Mastroianni Courtney Taylor.,False,0,0,0,0,,0,0,,0,0,0,,0,,0,0,0,0,0,0,0,0,0,0,1,0,0,0,0,0,0,,0,0,0,0,0,0,0,,0,False
2023,418,1,418,161,CLOCKV,Shot clock violation by 351.,,351,4,08:13,351,0,True,Shot clock violation by Team Apuzzo.,False,0,0,0,0,,0,0,,0,0,0,,0,,0,0,0,0,1,0,0,0,0,0,0,0,0,0,0,0,0,,0,0,0,0,0,0,0,,0,False
2023,418,1,418,162,CLEAR,Clear attempt by 352 failed.,,352,4,08:07,351,0,True,Clear attempt by Team Mastroianni failed.,False,0,0,0,0,,0,1,,0,0,0,,0,,0,0,0,0,0,0,0,0,0,0,0,0,0,0,0,0,0,,0,0,0,0,0,0,0,,0,False
2023,418,1,418,163,TURN,Turnover by 352 Courtney Taylor.,394,352,4,08:06,351,0,True,Turnover by Team Mastroianni Courtney Taylor.,False,0,0,0,0,,0,0,,0,0,0,,0,,0,0,0,0,0,0,0,0,0,0,0,0,0,0,0,0,1,,0,0,0,0,0,0,0,,0,False
2023,418,1,418,164,GB,Ground ball pickup by 351 Katie O'Donnell.,136,351,4,08:03,351,0,True,Ground ball pickup by Team Apuzzo Katie O'Donnell.,False,0,0,0,0,,0,0,,0,0,0,,0,,0,0,0,0,0,0,0,0,0,0,0,0,0,1,0,0,0,,0,0,0,0,0,0,0,,0,False
2023,418,1,418,165,SHOT,"GOAL by 351 Lauren Gilbert, Assist by Sam Fiedler, goal number 2 for season.",406,351,4,07:50,351,0,True,"GOAL by Team Apuzzo Lauren Gilbert, Assist by Sam Fiedler, goal number 2 for season.",False,1,1,1,1,701,0,0,,0,0,0,0,0,,0,0,0,0,0,0,0,0,0,0,0,0,0,0,0,0,0,,0,0,0,0,0,1,0,695,1,True
2023,418,1,418,166,DC,Draw control by 351 Lauren Gilbert.,406,351,4,07:50,351,9,True,Draw control by Team Apuzzo Lauren Gilbert.,False,0,0,0,0,,0,0,,0,0,0,,0,,0,0,0,0,0,0,0,0,0,0,0,1,1,0,1,0,0,,0,0,0,0,0,0,0,,0,False
2023,418,1,418,167,SHOT,"GOAL by 351 Sam Apuzzo, goal number 3 for season.",130,351,4,07:18,351,9,True,"GOAL by Team Apuzzo Sam Apuzzo, goal number 3 for season.",False,1,0,1,1,,0,0,,0,0,0,1,0,,0,0,0,0,0,0,0,0,0,0,0,0,0,0,0,0,0,,0,0,0,0,0,1,0,695,1,True
2023,418,1,418,168,DC,Draw control by 351 Taylor VanThof.,102,351,4,07:18,351,10,True,Draw control by Team Apuzzo Taylor VanThof.,False,0,0,0,0,,0,0,,0,0,0,,0,,0,0,0,0,0,0,0,0,0,0,0,1,1,0,1,0,0,,0,0,0,0,0,0,0,,0,False
2023,418,1,418,169,SHOT,"Shot by 351 Sam Fiedler, SAVE Sarah Reznick.",701,351,4,06:42,351,10,True,"Shot by Team Apuzzo Sam Fiedler, SAVE Sarah Reznick.",False,0,0,1,1,,0,0,,0,0,0,,0,,0,0,0,0,0,0,0,0,0,0,0,0,0,0,0,0,0,,0,0,0,0,0,0,1,695,1,False
2023,418,1,418,170,CLEAR,Clear attempt by 352 good.,,352,4,06:28,351,10,True,Clear attempt by Team Mastroianni good.,False,0,0,0,0,,1,0,,0,0,0,,0,,0,0,0,0,0,0,0,0,0,0,0,0,0,0,0,0,0,,0,0,0,0,0,0,0,,0,False
2023,418,1,418,171,SHOT,"Shot by 352 Sam Geiersbach, SAVE Kady Glynn.",490,352,4,06:00,351,10,True,"Shot by Team Mastroianni Sam Geiersbach, SAVE Kady Glynn.",False,0,0,1,1,,0,0,,0,0,0,,0,,0,0,0,0,0,0,0,0,0,0,0,0,0,0,0,0,0,,0,0,0,0,0,0,1,186,1,False
2023,418,1,418,172,GB,Ground ball pickup by 351 Katie Detwiler.,691,351,4,05:56,351,10,True,Ground ball pickup by Team Apuzzo Katie Detwiler.,False,0,0,0,0,,0,0,,0,0,0,,0,,0,0,0,0,0,0,0,0,0,0,0,0,0,1,0,0,0,,0,0,0,0,0,0,0,,0,False
2023,418,1,418,173,CLEAR,Clear attempt by 351 good.,,351,4,05:51,351,10,True,Clear attempt by Team Apuzzo good.,False,0,0,0,0,,1,0,,0,0,0,,0,,0,0,0,0,0,0,0,0,0,0,0,0,0,0,0,0,0,,0,0,0,0,0,0,0,,0,False
2023,418,1,418,174,SHOT,"GOAL by 351 Sam Apuzzo, goal number 4 for season.",130,351,4,05:00,351,10,True,"GOAL by Team Apuzzo Sam Apuzzo, goal number 4 for season.",False,1,0,1,1,,0,0,,0,0,0,1,0,,0,0,0,0,0,0,0,0,0,0,0,0,0,0,0,0,0,,0,0,0,0,0,1,0,695,1,True
2023,418,1,418,175,DC,Draw control by 352 Dempsey Arsenault.,138,352,4,05:00,351,11,True,Draw control by Team Mastroianni Dempsey Arsenault.,False,0,0,0,0,,0,0,,0,0,0,,0,,0,0,0,0,0,0,0,0,0,0,0,1,1,0,1,0,0,,0,0,0,0,0,0,0,,0,False
2023,418,1,418,176,CLEAR,Clear attempt by 352 good.,,352,4,04:48,351,11,True,Clear attempt by Team Mastroianni good.,False,0,0,0,0,,1,0,,0,0,0,,0,,0,0,0,0,0,0,0,0,0,0,0,0,0,0,0,0,0,,0,0,0,0,0,0,0,,0,False
2023,418,1,418,177,SHOT,Shot by 352 Sam Geiersbach WIDE.,490,352,4,04:22,351,11,True,Shot by Team Mastroianni Sam Geiersbach WIDE.,False,0,0,1,0,,0,0,,0,0,0,,0,,0,0,0,0,0,0,0,0,0,0,0,0,0,0,0,0,0,,0,0,0,0,0,0,0,186,0,False
2023,418,1,418,178,CLEAR,Clear attempt by 351 good.,,351,4,04:12,351,11,True,Clear attempt by Team Apuzzo good.,False,0,0,0,0,,1,0,,0,0,0,,0,,0,0,0,0,0,0,0,0,0,0,0,0,0,0,0,0,0,,0,0,0,0,0,0,0,,0,False
2023,418,1,418,179,SHOT,"Shot by 351 Lauren Gilbert, SAVE Sarah Reznick.",406,351,4,03:39,351,11,True,"Shot by Team Apuzzo Lauren Gilbert, SAVE Sarah Reznick.",False,0,0,1,1,,0,0,,0,0,0,,0,,0,0,0,0,0,0,0,0,0,0,0,0,0,0,0,0,0,,0,0,0,0,0,0,1,695,1,False
2023,418,1,418,180,YC,Yellow card on 351 Lauren Gilbert.,406,351,4,03:39,351,11,True,Yellow card on Team Apuzzo Lauren Gilbert.,False,0,0,0,0,,0,0,,0,0,0,,0,,0,0,0,0,0,0,1,0,0,0,0,0,0,0,0,0,0,,0,0,0,0,0,0,0,,0,False
2023,418,1,418,182,CLEAR,Clear attempt by 352 good.,,352,4,03:26,351,11,True,Clear attempt by Team Mastroianni good.,False,0,0,0,0,,1,0,,0,0,0,,0,,0,0,0,0,0,0,0,0,0,0,0,0,0,0,0,0,0,,0,0,0,0,0,0,0,,0,False
2023,418,1,418,183,TURN,Turnover by 352 Ally Mastroianni.,395,352,4,02:59,351,11,True,Turnover by Team Mastroianni Ally Mastroianni.,False,0,0,0,0,,0,0,,0,0,0,,0,,0,0,0,0,0,0,0,0,0,0,0,0,0,0,0,0,1,,0,0,0,0,0,0,0,,0,False
2023,418,1,418,184,GB,Ground ball pickup by 351 Abby Bosco.,693,351,4,02:56,351,11,True,Ground ball pickup by Team Apuzzo Abby Bosco.,False,0,0,0,0,,0,0,,0,0,0,,0,,0,0,0,0,0,0,0,0,0,0,0,0,0,1,0,0,0,,0,0,0,0,0,0,0,,0,False
2023,418,1,418,185,CLEAR,Clear attempt by 351 failed.,,351,4,02:52,351,11,True,Clear attempt by Team Apuzzo failed.,False,0,0,0,0,,0,1,,0,0,0,,0,,0,0,0,0,0,0,0,0,0,0,0,0,0,0,0,0,0,,0,0,0,0,0,0,0,,0,False
2023,418,1,418,186,TURN,Turnover by 351 Abby Bosco (caused by Alex Aust Holman).,693,351,4,02:50,351,11,True,Turnover by Team Apuzzo Abby Bosco (caused by Alex Aust Holman).,False,0,0,0,0,,0,0,,0,0,0,,0,,0,0,0,0,0,0,0,0,0,0,0,0,0,0,0,1,1,162,0,0,0,0,0,0,0,,0,False
2023,418,1,418,187,GB,Ground ball pickup by 352 Alex Aust Holman.,162,352,4,02:44,351,11,True,Ground ball pickup by Team Mastroianni Alex Aust Holman.,False,0,0,0,0,,0,0,,0,0,0,,0,,0,0,0,0,0,0,0,0,0,0,0,0,0,1,0,0,0,,0,0,0,0,0,0,0,,0,False
2023,418,1,418,188,SHOT,Shot by 352 Alex Aust Holman HIT CROSSBAR.,,352,4,02:42,351,11,True,Shot by Team Mastroianni Alex Aust Holman HIT CROSSBAR.,False,0,0,1,0,,0,0,,0,0,0,,0,,0,0,0,0,0,0,0,0,0,0,0,0,0,0,0,0,0,,0,0,0,0,0,0,0,186,0,False
2023,418,1,418,189,GB,Ground ball pickup by 352 Grace Griffin.,400,352,4,02:39,351,11,True,Ground ball pickup by Team Mastroianni Grace Griffin.,False,0,0,0,0,,0,0,,0,0,0,,0,,0,0,0,0,0,0,0,0,0,0,0,0,0,1,0,0,0,,0,0,0,0,0,0,0,,0,False
2023,418,1,418,190,2PTR,"2-point Shot by 352 Ally Mastroianni, SAVE Kady Glynn.",395,352,4,02:33,351,11,True,"2-point Shot by Team Mastroianni Ally Mastroianni, SAVE Kady Glynn.",False,0,0,1,1,,0,0,,0,0,0,,0,,0,0,0,0,0,0,0,0,0,0,0,0,0,0,0,0,0,,0,0,0,0,0,0,1,186,1,False
2023,418,1,418,191,CLEAR,Clear attempt by 351 good.,,351,4,02:25,351,11,True,Clear attempt by Team Apuzzo good.,False,0,0,0,0,,1,0,,0,0,0,,0,,0,0,0,0,0,0,0,0,0,0,0,0,0,0,0,0,0,,0,0,0,0,0,0,0,,0,False
2023,418,1,418,192,GC,Green card on 352 Sam Geiersbach.,,352,4,02:25,351,11,True,Green card on Team Mastroianni Sam Geiersbach.,False,0,0,0,0,,0,0,,0,0,0,,0,,0,0,0,0,0,0,0,0,0,0,0,0,0,0,0,0,0,,0,0,0,0,0,0,0,,0,False
2023,418,1,418,193,SHOT,Shot by 351 Katie O'Donnell WIDE.,136,351,4,01:50,351,11,True,Shot by Team Apuzzo Katie O'Donnell WIDE.,False,0,0,1,0,,0,0,,0,0,0,,0,,0,0,0,0,0,0,0,0,0,0,0,0,0,0,0,0,0,,0,0,0,0,0,0,0,695,0,False
2023,418,1,418,194,TURN,Turnover by 351 (caused by Courtney Taylor).,,351,4,01:45,351,11,True,Turnover by Team Apuzzo (caused by Courtney Taylor).,False,0,0,0,0,,0,0,,0,0,0,,0,,0,0,0,0,0,0,0,0,0,0,0,0,0,0,0,1,1,394,0,0,0,0,0,0,0,,0,False
2023,418,1,418,195,CLEAR,Clear attempt by 352 good.,,352,4,01:37,351,11,True,Clear attempt by Team Mastroianni good.,False,0,0,0,0,,1,0,,0,0,0,,0,,0,0,0,0,0,0,0,0,0,0,0,0,0,0,0,0,0,,0,0,0,0,0,0,0,,0,False
2023,418,1,418,196,FOUL,Foul on 351 Katie Detwiler.,691,351,4,01:37,351,11,True,Foul on Team Apuzzo Katie Detwiler.,False,0,0,0,0,,0,0,,0,0,0,,0,,0,0,0,0,0,0,0,0,0,0,1,0,0,0,0,0,0,,0,0,0,0,0,0,0,,0,False
2023,418,1,418,197,TURN,Turnover by 352 Sam Geiersbach (caused by Marge Donovan).,490,352,4,00:51,351,11,True,Turnover by Team Mastroianni Sam Geiersbach (caused by Marge Donovan).,False,0,0,0,0,,0,0,,0,0,0,,0,,0,0,0,0,0,0,0,0,0,0,0,0,0,0,0,1,1,694,0,0,0,0,0,0,0,,0,False
2023,418,1,418,198,GB,Ground ball pickup by 351 Marge Donovan.,694,351,4,00:42,351,11,True,Ground ball pickup by Team Apuzzo Marge Donovan.,False,0,0,0,0,,0,0,,0,0,0,,0,,0,0,0,0,0,0,0,0,0,0,0,0,0,1,0,0,0,,0,0,0,0,0,0,0,,0,False
2023,418,1,418,200,CLEAR,Clear attempt by 351 failed.,,351,4,00:37,351,11,True,Clear attempt by Team Apuzzo failed.,False,0,0,0,0,,0,1,,0,0,0,,0,,0,0,0,0,0,0,0,0,0,0,0,0,0,0,0,0,0,,0,0,0,0,0,0,0,,0,False
2023,418,1,418,201,TURN,Turnover by 351 Lauren Gilbert (caused by Dempsey Arsenault).,406,351,4,00:36,351,11,True,Turnover by Team Apuzzo Lauren Gilbert (caused by Dempsey Arsenault).,False,0,0,0,0,,0,0,,0,0,0,,0,,0,0,0,0,0,0,0,0,0,0,0,0,0,0,0,1,1,138,0,0,0,0,0,0,0,,0,False
2023,418,1,418,202,GB,Ground ball pickup by 352 Charlotte North.,424,352,4,00:33,351,11,True,Ground ball pickup by Team Mastroianni Charlotte North.,False,0,0,0,0,,0,0,,0,0,0,,0,,0,0,0,0,0,0,0,0,0,0,0,0,0,1,0,0,0,,0,0,0,0,0,0,0,,0,False
2023,418,1,418,203,SHOT,"GOAL by 352 Dempsey Arsenault, Assist by Charlotte North, goal number 2 for season.",138,352,4,00:37,351,11,True,"GOAL by Team Mastroianni Dempsey Arsenault, Assist by Charlotte North, goal number 2 for season.",False,1,1,1,1,424,0,0,,0,0,0,0,0,,0,0,0,0,0,0,0,0,0,0,0,0,0,0,0,0,0,,0,0,0,0,0,1,0,186,1,True
2023,418,1,418,204,DC,Draw control by 351 Abby Bosco.,693,351,4,00:37,351,11,True,Draw control by Team Apuzzo Abby Bosco.,False,0,0,0,0,,0,0,,0,0,0,,0,,0,0,0,0,0,0,0,0,0,0,0,1,1,0,1,0,0,,0,0,0,0,0,0,0,,0,False
2023,418,1,418,205,TURN,Turnover by 351 Taylor VanThof (caused by Emma Trenchard).,102,351,4,00:02,351,11,True,Turnover by Team Apuzzo Taylor VanThof (caused by Emma Trenchard).,False,0,0,0,0,,0,0,,0,0,0,,0,,0,0,0,0,0,0,0,0,0,0,0,0,0,0,0,1,1,405,0,0,0,0,0,0,0,,0,False
2023,418,1,418,206,GB,Ground ball pickup by 352 Katrina Geiger.,105,352,4,00:02,351,11,True,Ground ball pickup by Team Mastroianni Katrina Geiger.,False,0,0,0,0,,0,0,,0,0,0,,0,,0,0,0,0,0,0,0,0,0,0,0,0,0,1,0,0,0,,0,0,0,0,0,0,0,,0,False
2023,419,2,419,0,GOALIE,Taylor Moreno at goalie for 350.,393,350,1,10:00,353,0,True,Taylor Moreno at goalie for Team Moreno.,False,0,0,0,0,,0,0,,0,0,0,,0,,0,0,0,0,0,0,0,0,0,0,0,0,0,0,0,0,0,,0,0,0,0,0,0,0,,0,False
2023,419,2,419,1,GOALIE,Britt Read at goalie for 353.,137,353,1,10:00,353,0,True,Britt Read at goalie for Team Read.,False,0,0,0,0,,0,0,,0,0,0,,0,,0,0,0,0,0,0,0,0,0,0,0,0,0,0,0,0,0,,0,0,0,0,0,0,0,,0,False
2023,419,2,419,2,DC,Draw control by 350 Marie McCool.,155,350,1,10:00,353,0,True,Draw control by Team Moreno Marie McCool.,False,0,0,0,0,,0,0,,0,0,0,,0,,0,0,0,0,0,0,0,0,0,0,0,1,1,0,1,0,0,,0,0,0,0,0,0,0,,0,False
2023,419,2,419,3,SHOT,"Shot by 350 Nicole Levy, SAVE Britt Read.",182,350,1,09:29,353,0,True,"Shot by Team Moreno Nicole Levy, SAVE Britt Read.",False,0,0,1,1,,0,0,,0,0,0,,0,,0,0,0,0,0,0,0,0,0,0,0,0,0,0,0,0,0,,0,0,0,0,0,0,1,137,1,False
2023,419,2,419,4,CLEAR,Clear attempt by 353 good.,,353,1,09:23,353,0,True,Clear attempt by Team Read good.,False,0,0,0,0,,1,0,,0,0,0,,0,,0,0,0,0,0,0,0,0,0,0,0,0,0,0,0,0,0,,0,0,0,0,0,0,0,,0,False
2023,419,2,419,5,TURN,Turnover by 353 Izzy McMahon (caused by Ally Palermo).,185,353,1,09:01,353,0,True,Turnover by Team Read Izzy McMahon (caused by Ally Palermo).,False,0,0,0,0,,0,0,,0,0,0,,0,,0,0,0,0,0,0,0,0,0,0,0,0,0,0,0,1,1,398,0,0,0,0,0,0,0,,0,False
2023,419,2,419,6,GB,Ground ball pickup by 350 Ally Palermo.,398,350,1,08:56,353,0,True,Ground ball pickup by Team Moreno Ally Palermo.,False,0,0,0,0,,0,0,,0,0,0,,0,,0,0,0,0,0,0,0,0,0,0,0,0,0,1,0,0,0,,0,0,0,0,0,0,0,,0,False
2023,419,2,419,7,CLEAR,Clear attempt by 350 good.,,350,1,08:54,353,0,True,Clear attempt by Team Moreno good.,False,0,0,0,0,,1,0,,0,0,0,,0,,0,0,0,0,0,0,0,0,0,0,0,0,0,0,0,0,0,,0,0,0,0,0,0,0,,0,False
2023,419,2,419,8,TURN,Turnover by 350 Ally Palermo (caused by Erica Evans).,398,350,1,08:50,353,0,True,Turnover by Team Moreno Ally Palermo (caused by Erica Evans).,False,0,0,0,0,,0,0,,0,0,0,,0,,0,0,0,0,0,0,0,0,0,0,0,0,0,0,0,1,1,689,0,0,0,0,0,0,0,,0,False
2023,419,2,419,9,GB,Ground ball pickup by 353 Britt Read.,137,353,1,08:45,353,0,True,Ground ball pickup by Team Read Britt Read.,False,0,0,0,0,,0,0,,0,0,0,,0,,0,0,0,0,0,0,0,0,0,0,0,0,0,1,0,0,0,,0,0,0,0,0,0,0,,0,False
2023,419,2,419,10,CLEAR,Clear attempt by 353 good.,,353,1,08:41,353,0,True,Clear attempt by Team Read good.,False,0,0,0,0,,1,0,,0,0,0,,0,,0,0,0,0,0,0,0,0,0,0,0,0,0,0,0,0,0,,0,0,0,0,0,0,0,,0,False
2023,419,2,419,11,SHOT,"Shot by 353 Kylie Ohlmiller, SAVE Taylor Moreno.",152,353,1,08:19,353,0,True,"Shot by Team Read Kylie Ohlmiller, SAVE Taylor Moreno.",False,0,0,1,1,,0,0,,0,0,0,,0,,0,0,0,0,0,0,0,0,0,0,0,0,0,0,0,0,0,,0,0,0,0,0,0,1,393,1,False
2023,419,2,419,12,CLEAR,Clear attempt by 350 good.,,350,1,08:03,353,0,True,Clear attempt by Team Moreno good.,False,0,0,0,0,,1,0,,0,0,0,,0,,0,0,0,0,0,0,0,0,0,0,0,0,0,0,0,0,0,,0,0,0,0,0,0,0,,0,False
2023,419,2,419,13,SHOT,"Shot by 350 Marie McCool, SAVE Britt Read.",155,350,1,07:26,353,0,True,"Shot by Team Moreno Marie McCool, SAVE Britt Read.",False,0,0,1,1,,0,0,,0,0,0,,0,,0,0,0,0,0,0,0,0,0,0,0,0,0,0,0,0,0,,0,0,0,0,0,0,1,137,1,False
2023,419,2,419,14,CLEAR,Clear attempt by 353 good.,,353,1,07:15,353,0,True,Clear attempt by Team Read good.,False,0,0,0,0,,1,0,,0,0,0,,0,,0,0,0,0,0,0,0,0,0,0,0,0,0,0,0,0,0,,0,0,0,0,0,0,0,,0,False
2023,419,2,419,15,SHOT,"Shot by 353 Andie Aldave, SAVE Taylor Moreno.",523,353,1,06:52,353,0,True,"Shot by Team Read Andie Aldave, SAVE Taylor Moreno.",False,0,0,1,1,,0,0,,0,0,0,,0,,0,0,0,0,0,0,0,0,0,0,0,0,0,0,0,0,0,,0,0,0,0,0,0,1,393,1,False
2023,419,2,419,16,GB,Ground ball pickup by 350 Haley Warden.,100,350,1,06:43,353,0,True,Ground ball pickup by Team Moreno Haley Warden.,False,0,0,0,0,,0,0,,0,0,0,,0,,0,0,0,0,0,0,0,0,0,0,0,0,0,1,0,0,0,,0,0,0,0,0,0,0,,0,False
2023,419,2,419,17,CLEAR,Clear attempt by 350 good.,,350,1,06:34,353,0,True,Clear attempt by Team Moreno good.,False,0,0,0,0,,1,0,,0,0,0,,0,,0,0,0,0,0,0,0,0,0,0,0,0,0,0,0,0,0,,0,0,0,0,0,0,0,,0,False
2023,419,2,419,18,SHOT,"GOAL by 350 Molly Garrett (FIRST GOAL), Assist by Nicole Levy, goal number 1 for season.",176,350,1,06:04,353,0,True,"GOAL by Team Moreno Molly Garrett (FIRST GOAL), Assist by Nicole Levy, goal number 1 for season.",False,1,1,1,1,182,0,0,,0,0,0,0,0,,0,1,0,0,0,0,0,0,0,0,0,0,0,0,0,0,0,,0,0,0,0,0,1,0,137,1,True
2023,419,2,419,19,DC,Draw control by 353 Lizzie Colson.,300,353,1,06:04,353,0,True,Draw control by Team Read Lizzie Colson.,False,0,0,0,0,,0,0,,0,0,0,,0,,0,0,0,0,0,0,0,0,0,0,0,1,1,0,1,0,0,,0,0,0,0,0,0,0,,0,False
2023,419,2,419,20,SHOT,"Shot by 353 Erica Evans, SAVE Taylor Moreno.",689,353,1,05:31,353,0,True,"Shot by Team Read Erica Evans, SAVE Taylor Moreno.",False,0,0,1,1,,0,0,,0,0,0,,0,,0,0,0,0,0,0,0,0,0,0,0,0,0,0,0,0,0,,0,0,0,0,0,0,1,393,1,False
2023,419,2,419,21,CLEAR,Clear attempt by 350 good.,,350,1,05:17,353,0,True,Clear attempt by Team Moreno good.,False,0,0,0,0,,1,0,,0,0,0,,0,,0,0,0,0,0,0,0,0,0,0,0,0,0,0,0,0,0,,0,0,0,0,0,0,0,,0,False
2023,419,2,419,22,SHOT,Shot by 350 Haley Warden WIDE.,100,350,1,04:59,353,0,True,Shot by Team Moreno Haley Warden WIDE.,False,0,0,1,0,,0,0,,0,0,0,,0,,0,0,0,0,0,0,0,0,0,0,0,0,0,0,0,0,0,,0,0,0,0,0,0,0,137,0,False
2023,419,2,419,23,GB,Ground ball pickup by 353 Lizzie Colson.,300,353,1,04:56,353,0,True,Ground ball pickup by Team Read Lizzie Colson.,False,0,0,0,0,,0,0,,0,0,0,,0,,0,0,0,0,0,0,0,0,0,0,0,0,0,1,0,0,0,,0,0,0,0,0,0,0,,0,False
2023,419,2,419,24,CLEAR,Clear attempt by 353 good.,,353,1,04:51,353,0,True,Clear attempt by Team Read good.,False,0,0,0,0,,1,0,,0,0,0,,0,,0,0,0,0,0,0,0,0,0,0,0,0,0,0,0,0,0,,0,0,0,0,0,0,0,,0,False
2023,419,2,419,25,SHOT,"Shot by 353 Kylie Ohlmiller, SAVE Taylor Moreno.",152,353,1,04:25,353,0,True,"Shot by Team Read Kylie Ohlmiller, SAVE Taylor Moreno.",False,0,0,1,1,,0,0,,0,0,0,,0,,0,0,0,0,0,0,0,0,0,0,0,0,0,0,0,0,0,,0,0,0,0,0,0,1,393,1,False
2023,419,2,419,26,CLEAR,Clear attempt by 350 good.,,350,1,04:09,353,0,True,Clear attempt by Team Moreno good.,False,0,0,0,0,,1,0,,0,0,0,,0,,0,0,0,0,0,0,0,0,0,0,0,0,0,0,0,0,0,,0,0,0,0,0,0,0,,0,False
2023,419,2,419,27,SHOT,"GOAL by 350 Nicole Levy, Assist by Cortney Fortunato, goal number 1 for season.",182,350,1,03:40,353,0,True,"GOAL by Team Moreno Nicole Levy, Assist by Cortney Fortunato, goal number 1 for season.",False,1,1,1,1,98,0,0,,0,0,0,0,0,,0,0,0,0,0,0,0,0,0,0,0,0,0,0,0,0,0,,0,0,0,0,0,1,0,137,1,True
2023,419,2,419,29,DC,Draw control by 350 Marie McCool.,155,350,1,03:40,353,0,True,Draw control by Team Moreno Marie McCool.,False,0,0,0,0,,0,0,,0,0,0,,0,,0,0,0,0,0,0,0,0,0,0,0,1,1,0,1,0,0,,0,0,0,0,0,0,0,,0,False
2023,419,2,419,30,TURN,Turnover by 350 Marie McCool (caused by Kayla Wood).,155,350,1,03:29,353,0,True,Turnover by Team Moreno Marie McCool (caused by Kayla Wood).,False,0,0,0,0,,0,0,,0,0,0,,0,,0,0,0,0,0,0,0,0,0,0,0,0,0,0,0,1,1,179,0,0,0,0,0,0,0,,0,False
2023,419,2,419,31,GB,Ground ball pickup by 353 Lizzie Colson.,300,353,1,03:24,353,0,True,Ground ball pickup by Team Read Lizzie Colson.,False,0,0,0,0,,0,0,,0,0,0,,0,,0,0,0,0,0,0,0,0,0,0,0,0,0,1,0,0,0,,0,0,0,0,0,0,0,,0,False
2023,419,2,419,32,CLEAR,Clear attempt by 353 good.,,353,1,03:13,353,0,True,Clear attempt by Team Read good.,False,0,0,0,0,,1,0,,0,0,0,,0,,0,0,0,0,0,0,0,0,0,0,0,0,0,0,0,0,0,,0,0,0,0,0,0,0,,0,False
2023,419,2,419,33,CLOCKV,Shot clock violation by 353.,,353,1,02:25,353,0,True,Shot clock violation by Team Read.,False,0,0,0,0,,0,0,,0,0,0,,0,,0,0,0,0,1,0,0,0,0,0,0,0,0,0,0,0,0,,0,0,0,0,0,0,0,,0,False
2023,419,2,419,34,CLEAR,Clear attempt by 350 good.,,350,1,02:21,353,0,True,Clear attempt by Team Moreno good.,False,0,0,0,0,,1,0,,0,0,0,,0,,0,0,0,0,0,0,0,0,0,0,0,0,0,0,0,0,0,,0,0,0,0,0,0,0,,0,False
2023,419,2,419,35,YC,Yellow card on 353 Meg Douty.,124,353,1,02:21,353,0,True,Yellow card on Team Read Meg Douty.,False,0,0,0,0,,0,0,,0,0,0,,0,,0,0,0,0,0,0,1,0,0,0,0,0,0,0,0,0,0,,0,0,0,0,0,0,0,,0,False
2023,419,2,419,36,SHOT,"Shot by 350 Cortney Fortunato, SAVE Britt Read.",98,350,1,01:14,353,0,True,"Shot by Team Moreno Cortney Fortunato, SAVE Britt Read.",False,0,0,1,1,,0,0,,0,0,0,,0,,0,0,0,0,0,0,0,0,0,0,0,0,0,0,0,0,0,,0,0,0,0,0,0,1,137,1,False
2023,419,2,419,37,CLEAR,Clear attempt by 353 good.,,353,1,01:09,353,0,True,Clear attempt by Team Read good.,False,0,0,0,0,,1,0,,0,0,0,,0,,0,0,0,0,0,0,0,0,0,0,0,0,0,0,0,0,0,,0,0,0,0,0,0,0,,0,False
2023,419,2,419,38,TURN,Turnover by 353 Scottie Rose Growney (caused by Caroline Wakefield).,402,353,1,00:58,353,0,True,Turnover by Team Read Scottie Rose Growney (caused by Caroline Wakefield).,False,0,0,0,0,,0,0,,0,0,0,,0,,0,0,0,0,0,0,0,0,0,0,0,0,0,0,0,1,1,177,0,0,0,0,0,0,0,,0,False
2023,419,2,419,39,GB,Ground ball pickup by 350 Ally Palermo.,398,350,1,00:55,353,0,True,Ground ball pickup by Team Moreno Ally Palermo.,False,0,0,0,0,,0,0,,0,0,0,,0,,0,0,0,0,0,0,0,0,0,0,0,0,0,1,0,0,0,,0,0,0,0,0,0,0,,0,False
2023,419,2,419,40,FOUL,Foul on 353 Erica Evans.,689,353,1,00:55,353,0,True,Foul on Team Read Erica Evans.,False,0,0,0,0,,0,0,,0,0,0,,0,,0,0,0,0,0,0,0,0,0,0,1,0,0,0,0,0,0,,0,0,0,0,0,0,0,,0,False
2023,419,2,419,41,CLEAR,Clear attempt by 353 good.,,353,1,00:47,353,0,True,Clear attempt by Team Read good.,False,0,0,0,0,,1,0,,0,0,0,,0,,0,0,0,0,0,0,0,0,0,0,0,0,0,0,0,0,0,,0,0,0,0,0,0,0,,0,False
2023,419,2,419,42,TURN,Turnover by 350 Haley Warden.,100,350,1,00:13,353,0,True,Turnover by Team Moreno Haley Warden.,False,0,0,0,0,,0,0,,0,0,0,,0,,0,0,0,0,0,0,0,0,0,0,0,0,0,0,0,0,1,,0,0,0,0,0,0,0,,0,False
2023,419,2,419,45,DC,Draw control by 350 Caroline Wakefield.,177,350,2,10:00,353,0,True,Draw control by Team Moreno Caroline Wakefield.,False,0,0,0,0,,0,0,,0,0,0,,0,,0,0,0,0,0,0,0,0,0,0,0,1,1,0,1,0,0,,0,0,0,0,0,0,0,,0,False
2023,419,2,419,46,CLEAR,Clear attempt by 350 failed.,,350,2,09:47,353,0,True,Clear attempt by Team Moreno failed.,False,0,0,0,0,,0,1,,0,0,0,,0,,0,0,0,0,0,0,0,0,0,0,0,0,0,0,0,0,0,,0,0,0,0,0,0,0,,0,False
2023,419,2,419,47,TURN,Turnover by 350 Ally Palermo.,398,350,2,09:46,353,0,True,Turnover by Team Moreno Ally Palermo.,False,0,0,0,0,,0,0,,0,0,0,,0,,0,0,0,0,0,0,0,0,0,0,0,0,0,0,0,0,1,,0,0,0,0,0,0,0,,0,False
2023,419,2,419,48,FOUL,Foul on 350 Marie McCool.,155,350,2,09:46,353,0,True,Foul on Team Moreno Marie McCool.,False,0,0,0,0,,0,0,,0,0,0,,0,,0,0,0,0,0,0,0,0,0,0,1,0,0,0,0,0,0,,0,0,0,0,0,0,0,,0,False
2023,419,2,419,49,SHOT,"Shot by 353 Ally Kennedy, SAVE Taylor Moreno.",174,353,2,08:47,353,0,True,"Shot by Team Read Ally Kennedy, SAVE Taylor Moreno.",False,0,0,1,1,,0,0,,0,0,0,,0,,0,0,0,0,0,0,0,0,0,0,0,0,0,0,0,0,0,,0,0,0,0,0,0,1,393,1,False
2023,419,2,419,50,TURN,Turnover by 353 (caused by Taylor Moreno).,,353,2,08:42,353,0,True,Turnover by Team Read (caused by Taylor Moreno).,False,0,0,0,0,,0,0,,0,0,0,,0,,0,0,0,0,0,0,0,0,0,0,0,0,0,0,0,1,1,393,0,0,0,0,0,0,0,,0,False
2023,419,2,419,51,CLEAR,Clear attempt by 350 good.,,350,2,08:33,353,0,True,Clear attempt by Team Moreno good.,False,0,0,0,0,,1,0,,0,0,0,,0,,0,0,0,0,0,0,0,0,0,0,0,0,0,0,0,0,0,,0,0,0,0,0,0,0,,0,False
2023,419,2,419,52,SHOT,"Shot by 350 Marie McCool, SAVE Britt Read.",155,350,2,08:07,353,0,True,"Shot by Team Moreno Marie McCool, SAVE Britt Read.",False,0,0,1,1,,0,0,,0,0,0,,0,,0,0,0,0,0,0,0,0,0,0,0,0,0,0,0,0,0,,0,0,0,0,0,0,1,137,1,False
2023,419,2,419,53,CLEAR,Clear attempt by 353 good.,,353,2,07:58,353,0,True,Clear attempt by Team Read good.,False,0,0,0,0,,1,0,,0,0,0,,0,,0,0,0,0,0,0,0,0,0,0,0,0,0,0,0,0,0,,0,0,0,0,0,0,0,,0,False
2023,419,2,419,54,SHOT,Shot by 353 Izzy McMahon HIGH.,185,353,2,07:38,353,0,True,Shot by Team Read Izzy McMahon HIGH.,False,0,0,1,0,,0,0,,0,0,0,,0,,0,0,0,0,0,0,0,0,0,0,0,0,0,0,0,0,0,,0,0,0,0,0,0,0,393,0,False
2023,419,2,419,55,SHOT,"Shot by 353 Erica Evans, SAVE Taylor Moreno.",689,353,2,07:28,353,0,True,"Shot by Team Read Erica Evans, SAVE Taylor Moreno.",False,0,0,1,1,,0,0,,0,0,0,,0,,0,0,0,0,0,0,0,0,0,0,0,0,0,0,0,0,0,,0,0,0,0,0,0,1,393,1,False
2023,419,2,419,56,GB,Ground ball pickup by 353 Ally Kennedy.,174,353,2,07:22,353,0,True,Ground ball pickup by Team Read Ally Kennedy.,False,0,0,0,0,,0,0,,0,0,0,,0,,0,0,0,0,0,0,0,0,0,0,0,0,0,1,0,0,0,,0,0,0,0,0,0,0,,0,False
2023,419,2,419,57,TURN,Turnover by 353 Kylie Ohlmiller.,152,353,2,07:13,353,0,True,Turnover by Team Read Kylie Ohlmiller.,False,0,0,0,0,,0,0,,0,0,0,,0,,0,0,0,0,0,0,0,0,0,0,0,0,0,0,0,0,1,,0,0,0,0,0,0,0,,0,False
2023,419,2,419,58,CLEAR,Clear attempt by 350 good.,,350,2,07:03,353,0,True,Clear attempt by Team Moreno good.,False,0,0,0,0,,1,0,,0,0,0,,0,,0,0,0,0,0,0,0,0,0,0,0,0,0,0,0,0,0,,0,0,0,0,0,0,0,,0,False
2023,419,2,419,59,TURN,Turnover by 350 Marie McCool (caused by Lizzie Colson).,155,350,2,06:57,353,0,True,Turnover by Team Moreno Marie McCool (caused by Lizzie Colson).,False,0,0,0,0,,0,0,,0,0,0,,0,,0,0,0,0,0,0,0,0,0,0,0,0,0,0,0,1,1,300,0,0,0,0,0,0,0,,0,False
2023,419,2,419,60,GB,Ground ball pickup by 353 Britt Read.,137,353,2,06:52,353,0,True,Ground ball pickup by Team Read Britt Read.,False,0,0,0,0,,0,0,,0,0,0,,0,,0,0,0,0,0,0,0,0,0,0,0,0,0,1,0,0,0,,0,0,0,0,0,0,0,,0,False
2023,419,2,419,61,CLEAR,Clear attempt by 353 good.,,353,2,06:48,353,0,True,Clear attempt by Team Read good.,False,0,0,0,0,,1,0,,0,0,0,,0,,0,0,0,0,0,0,0,0,0,0,0,0,0,0,0,0,0,,0,0,0,0,0,0,0,,0,False
2023,419,2,419,62,2PTR,2-point Shot by 353 Scottie Rose Growney WIDE.,402,353,2,06:22,353,0,True,2-point Shot by Team Read Scottie Rose Growney WIDE.,False,0,0,1,0,,0,0,,0,0,0,,0,,0,0,0,0,0,0,0,0,0,0,0,0,0,0,0,0,0,,0,0,0,0,0,0,0,393,0,False
2023,419,2,419,63,SHOT,Shot by 353 Izzy McMahon HIT POST.,185,353,2,06:07,353,0,True,Shot by Team Read Izzy McMahon HIT POST.,False,0,0,1,0,,0,0,,0,0,0,,0,,0,0,0,0,0,0,0,0,0,0,0,0,0,0,0,0,0,,0,0,0,0,0,0,0,393,0,False
2023,419,2,419,64,TURN,Turnover by 353 Erica Evans (caused by Haley Warden).,689,353,2,05:22,353,0,True,Turnover by Team Read Erica Evans (caused by Haley Warden).,False,0,0,0,0,,0,0,,0,0,0,,0,,0,0,0,0,0,0,0,0,0,0,0,0,0,0,0,1,1,100,0,0,0,0,0,0,0,,0,False
2023,419,2,419,65,GB,Ground ball pickup by 350 Haley Warden.,100,350,2,05:19,353,0,True,Ground ball pickup by Team Moreno Haley Warden.,False,0,0,0,0,,0,0,,0,0,0,,0,,0,0,0,0,0,0,0,0,0,0,0,0,0,1,0,0,0,,0,0,0,0,0,0,0,,0,False
2023,419,2,419,66,CLEAR,Clear attempt by 350 good.,,350,2,05:14,353,0,True,Clear attempt by Team Moreno good.,False,0,0,0,0,,1,0,,0,0,0,,0,,0,0,0,0,0,0,0,0,0,0,0,0,0,0,0,0,0,,0,0,0,0,0,0,0,,0,False
2023,419,2,419,67,SHOT,"Shot by 350 Cortney Fortunato, SAVE Britt Read.",98,350,2,04:57,353,0,True,"Shot by Team Moreno Cortney Fortunato, SAVE Britt Read.",False,0,0,1,1,,0,0,,0,0,0,,0,,0,0,0,0,0,0,0,0,0,0,0,0,0,0,0,0,0,,0,0,0,0,0,0,1,137,1,False
2023,419,2,419,68,GB,Ground ball pickup by 353 Brianne Gross.,703,353,2,04:52,353,0,True,Ground ball pickup by Team Read Brianne Gross.,False,0,0,0,0,,0,0,,0,0,0,,0,,0,0,0,0,0,0,0,0,0,0,0,0,0,1,0,0,0,,0,0,0,0,0,0,0,,0,False
2023,419,2,419,69,CLEAR,Clear attempt by 353 good.,,353,2,04:48,353,0,True,Clear attempt by Team Read good.,False,0,0,0,0,,1,0,,0,0,0,,0,,0,0,0,0,0,0,0,0,0,0,0,0,0,0,0,0,0,,0,0,0,0,0,0,0,,0,False
2023,419,2,419,70,FOUL,Foul on 350 Marie McCool.,155,350,2,04:48,353,0,True,Foul on Team Moreno Marie McCool.,False,0,0,0,0,,0,0,,0,0,0,,0,,0,0,0,0,0,0,0,0,0,0,1,0,0,0,0,0,0,,0,0,0,0,0,0,0,,0,False
2023,419,2,419,71,SHOT,Shot by 353 Kylie Ohlmiller WIDE.,152,353,2,04:15,353,0,True,Shot by Team Read Kylie Ohlmiller WIDE.,False,0,0,1,0,,0,0,,0,0,0,,0,,0,0,0,0,0,0,0,0,0,0,0,0,0,0,0,0,0,,0,0,0,0,0,0,0,393,0,False
2023,419,2,419,72,GB,Ground ball pickup by 353 Izzy McMahon.,185,353,2,04:12,353,0,True,Ground ball pickup by Team Read Izzy McMahon.,False,0,0,0,0,,0,0,,0,0,0,,0,,0,0,0,0,0,0,0,0,0,0,0,0,0,1,0,0,0,,0,0,0,0,0,0,0,,0,False
2023,419,2,419,73,TURN,Turnover by 353 Izzy McMahon (caused by Molly Garrett).,185,353,2,04:05,353,0,True,Turnover by Team Read Izzy McMahon (caused by Molly Garrett).,False,0,0,0,0,,0,0,,0,0,0,,0,,0,0,0,0,0,0,0,0,0,0,0,0,0,0,0,1,1,176,0,0,0,0,0,0,0,,0,False
2023,419,2,419,74,GB,Ground ball pickup by 350 Taylor Moreno.,393,350,2,04:00,353,0,True,Ground ball pickup by Team Moreno Taylor Moreno.,False,0,0,0,0,,0,0,,0,0,0,,0,,0,0,0,0,0,0,0,0,0,0,0,0,0,1,0,0,0,,0,0,0,0,0,0,0,,0,False
2023,419,2,419,75,CLEAR,Clear attempt by 350 good.,,350,2,03:51,353,0,True,Clear attempt by Team Moreno good.,False,0,0,0,0,,1,0,,0,0,0,,0,,0,0,0,0,0,0,0,0,0,0,0,0,0,0,0,0,0,,0,0,0,0,0,0,0,,0,False
2023,419,2,419,76,TURN,Turnover by 350 Cortney Fortunato (caused by Kayla Wood).,98,350,2,03:14,353,0,True,Turnover by Team Moreno Cortney Fortunato (caused by Kayla Wood).,False,0,0,0,0,,0,0,,0,0,0,,0,,0,0,0,0,0,0,0,0,0,0,0,0,0,0,0,1,1,179,0,0,0,0,0,0,0,,0,False
2023,419,2,419,77,GB,Ground ball pickup by 353 Kayla Wood.,179,353,2,03:10,353,0,True,Ground ball pickup by Team Read Kayla Wood.,False,0,0,0,0,,0,0,,0,0,0,,0,,0,0,0,0,0,0,0,0,0,0,0,0,0,1,0,0,0,,0,0,0,0,0,0,0,,0,False
2023,419,2,419,78,CLEAR,Clear attempt by 353 good.,,353,2,03:08,353,0,True,Clear attempt by Team Read good.,False,0,0,0,0,,1,0,,0,0,0,,0,,0,0,0,0,0,0,0,0,0,0,0,0,0,0,0,0,0,,0,0,0,0,0,0,0,,0,False
2023,419,2,419,79,TURN,Turnover by 353 Kylie Ohlmiller (caused by Ella Simkins).,152,353,2,03:01,353,0,True,Turnover by Team Read Kylie Ohlmiller (caused by Ella Simkins).,False,0,0,0,0,,0,0,,0,0,0,,0,,0,0,0,0,0,0,0,0,0,0,0,0,0,0,0,1,1,175,0,0,0,0,0,0,0,,0,False
2023,419,2,419,80,GB,Ground ball pickup by 350 Sammy Jo Tracy.,95,350,2,02:52,353,0,True,Ground ball pickup by Team Moreno Sammy Jo Tracy.,False,0,0,0,0,,0,0,,0,0,0,,0,,0,0,0,0,0,0,0,0,0,0,0,0,0,1,0,0,0,,0,0,0,0,0,0,0,,0,False
2023,419,2,419,81,CLEAR,Clear attempt by 350 good.,,350,2,02:50,353,0,True,Clear attempt by Team Moreno good.,False,0,0,0,0,,1,0,,0,0,0,,0,,0,0,0,0,0,0,0,0,0,0,0,0,0,0,0,0,0,,0,0,0,0,0,0,0,,0,False
2023,419,2,419,82,SHOT,"GOAL by 350 Marie McCool, goal number 1 for season.",155,350,2,02:33,353,0,True,"GOAL by Team Moreno Marie McCool, goal number 1 for season.",False,1,0,1,1,,0,0,,0,0,0,1,0,,0,0,0,0,0,0,0,0,0,0,0,0,0,0,0,0,0,,0,0,0,0,0,1,0,137,1,True
2023,419,2,419,84,DC,Draw control by 353 Lizzie Colson.,300,353,2,02:33,353,0,True,Draw control by Team Read Lizzie Colson.,False,0,0,0,0,,0,0,,0,0,0,,0,,0,0,0,0,0,0,0,0,0,0,0,1,1,0,1,0,0,,0,0,0,0,0,0,0,,0,False
2023,419,2,419,85,SHOT,Shot by 353 Kylie Ohlmiller WIDE.,152,353,2,01:51,353,0,True,Shot by Team Read Kylie Ohlmiller WIDE.,False,0,0,1,0,,0,0,,0,0,0,,0,,0,0,0,0,0,0,0,0,0,0,0,0,0,0,0,0,0,,0,0,0,0,0,0,0,393,0,False
2023,419,2,419,86,SHOT,Shot by 353 Scottie Rose Growney HIT POST.,402,353,2,01:39,353,0,True,Shot by Team Read Scottie Rose Growney HIT POST.,False,0,0,1,0,,0,0,,0,0,0,,0,,0,0,0,0,0,0,0,0,0,0,0,0,0,0,0,0,0,,0,0,0,0,0,0,0,393,0,False
2023,419,2,419,87,GB,Ground ball pickup by 350 Caroline Wakefield.,177,350,2,01:35,353,0,True,Ground ball pickup by Team Moreno Caroline Wakefield.,False,0,0,0,0,,0,0,,0,0,0,,0,,0,0,0,0,0,0,0,0,0,0,0,0,0,1,0,0,0,,0,0,0,0,0,0,0,,0,False
2023,419,2,419,88,CLEAR,Clear attempt by 350 good.,,350,2,01:32,353,0,True,Clear attempt by Team Moreno good.,False,0,0,0,0,,1,0,,0,0,0,,0,,0,0,0,0,0,0,0,0,0,0,0,0,0,0,0,0,0,,0,0,0,0,0,0,0,,0,False
2023,419,2,419,89,SHOT,"GOAL by 350 Cortney Fortunato, Assist by Sammy Jo Tracy, goal number 1 for season.",98,350,2,01:25,353,0,True,"GOAL by Team Moreno Cortney Fortunato, Assist by Sammy Jo Tracy, goal number 1 for season.",False,1,1,1,1,95,0,0,,0,0,0,0,0,,0,0,0,0,0,0,0,0,0,0,0,0,0,0,0,0,0,,0,0,0,0,0,1,0,137,1,True
2023,419,2,419,90,DC,Draw control by 353 Ally Kennedy.,174,353,2,01:25,353,0,True,Draw control by Team Read Ally Kennedy.,False,0,0,0,0,,0,0,,0,0,0,,0,,0,0,0,0,0,0,0,0,0,0,0,1,1,0,1,0,0,,0,0,0,0,0,0,0,,0,False
2023,419,2,419,91,SHOT,"Shot by 353 Kylie Ohlmiller, SAVE Taylor Moreno.",152,353,2,00:53,353,0,True,"Shot by Team Read Kylie Ohlmiller, SAVE Taylor Moreno.",False,0,0,1,1,,0,0,,0,0,0,,0,,0,0,0,0,0,0,0,0,0,0,0,0,0,0,0,0,0,,0,0,0,0,0,0,1,393,1,False
2023,419,2,419,92,GB,Ground ball pickup by 350 Ella Simkins.,175,350,2,00:49,353,0,True,Ground ball pickup by Team Moreno Ella Simkins.,False,0,0,0,0,,0,0,,0,0,0,,0,,0,0,0,0,0,0,0,0,0,0,0,0,0,1,0,0,0,,0,0,0,0,0,0,0,,0,False
2023,419,2,419,93,CLEAR,Clear attempt by 350 good.,,350,2,00:44,353,0,True,Clear attempt by Team Moreno good.,False,0,0,0,0,,1,0,,0,0,0,,0,,0,0,0,0,0,0,0,0,0,0,0,0,0,0,0,0,0,,0,0,0,0,0,0,0,,0,False
2023,419,2,419,94,SHOT,"GOAL by 350 Nicole Levy, Assist by Cortney Fortunato, goal number 2 for season.",182,350,2,00:05,353,0,True,"GOAL by Team Moreno Nicole Levy, Assist by Cortney Fortunato, goal number 2 for season.",False,1,1,1,1,98,0,0,,0,0,0,0,0,,0,0,0,0,0,0,0,0,0,0,0,0,0,0,0,0,0,,0,0,0,0,0,1,0,137,1,True
2023,419,2,419,97,DC,Draw control by 353 Lizzie Colson.,300,353,3,10:00,353,0,True,Draw control by Team Read Lizzie Colson.,False,0,0,0,0,,0,0,,0,0,0,,0,,0,0,0,0,0,0,0,0,0,0,0,1,1,0,1,0,0,,0,0,0,0,0,0,0,,0,False
2023,419,2,419,98,YC,Yellow card on 350 Ella Simkins.,175,350,3,10:00,353,0,True,Yellow card on Team Moreno Ella Simkins.,False,0,0,0,0,,0,0,,0,0,0,,0,,0,0,0,0,0,0,1,0,0,0,0,0,0,0,0,0,0,,0,0,0,0,0,0,0,,0,False
2023,419,2,419,99,2PTR,"2-point Shot by 353 Andie Aldave, SAVE Taylor Moreno.",523,353,3,09:02,353,0,True,"2-point Shot by Team Read Andie Aldave, SAVE Taylor Moreno.",False,0,0,1,1,,0,0,,0,0,0,,0,,0,0,0,0,0,0,0,0,0,0,0,0,0,0,0,0,0,,0,0,0,0,0,0,1,393,1,False
2023,419,2,419,100,GB,Ground ball pickup by 350 Ally Palermo.,398,350,3,08:52,353,0,True,Ground ball pickup by Team Moreno Ally Palermo.,False,0,0,0,0,,0,0,,0,0,0,,0,,0,0,0,0,0,0,0,0,0,0,0,0,0,1,0,0,0,,0,0,0,0,0,0,0,,0,False
2023,419,2,419,101,CLEAR,Clear attempt by 350 good.,,350,3,08:48,353,0,True,Clear attempt by Team Moreno good.,False,0,0,0,0,,1,0,,0,0,0,,0,,0,0,0,0,0,0,0,0,0,0,0,0,0,0,0,0,0,,0,0,0,0,0,0,0,,0,False
2023,419,2,419,102,2PTR,"2-point Shot by 350 Cortney Fortunato, SAVE Britt Read.",98,350,3,08:00,353,0,True,"2-point Shot by Team Moreno Cortney Fortunato, SAVE Britt Read.",False,0,0,1,1,,0,0,,0,0,0,,0,,0,0,0,0,0,0,0,0,0,0,0,0,0,0,0,0,0,,0,0,0,0,0,0,1,137,1,False
2023,419,2,419,103,CLEAR,Clear attempt by 353 good.,,353,3,07:52,353,0,True,Clear attempt by Team Read good.,False,0,0,0,0,,1,0,,0,0,0,,0,,0,0,0,0,0,0,0,0,0,0,0,0,0,0,0,0,0,,0,0,0,0,0,0,0,,0,False
2023,419,2,419,104,SHOT,"Shot by 353 Andie Aldave, SAVE Taylor Moreno.",523,353,3,07:20,353,0,True,"Shot by Team Read Andie Aldave, SAVE Taylor Moreno.",False,0,0,1,1,,0,0,,0,0,0,,0,,0,0,0,0,0,0,0,0,0,0,0,0,0,0,0,0,0,,0,0,0,0,0,0,1,393,1,False
2023,419,2,419,105,CLEAR,Clear attempt by 350 good.,,350,3,07:14,353,0,True,Clear attempt by Team Moreno good.,False,0,0,0,0,,1,0,,0,0,0,,0,,0,0,0,0,0,0,0,0,0,0,0,0,0,0,0,0,0,,0,0,0,0,0,0,0,,0,False
2023,419,2,419,106,SHOT,Shot by 350 Nicole Levy HIT CROSSBAR.,,350,3,07:07,353,0,True,Shot by Team Moreno Nicole Levy HIT CROSSBAR.,False,0,0,1,0,,0,0,,0,0,0,,0,,0,0,0,0,0,0,0,0,0,0,0,0,0,0,0,0,0,,0,0,0,0,0,0,0,137,0,False
2023,419,2,419,107,TURN,Turnover by 350 (caused by Kayla Wood).,,350,3,07:01,353,0,True,Turnover by Team Moreno (caused by Kayla Wood).,False,0,0,0,0,,0,0,,0,0,0,,0,,0,0,0,0,0,0,0,0,0,0,0,0,0,0,0,1,1,179,0,0,0,0,0,0,0,,0,False
2023,419,2,419,108,CLEAR,Clear attempt by 353 good.,,353,3,06:49,353,0,True,Clear attempt by Team Read good.,False,0,0,0,0,,1,0,,0,0,0,,0,,0,0,0,0,0,0,0,0,0,0,0,0,0,0,0,0,0,,0,0,0,0,0,0,0,,0,False
2023,419,2,419,109,SHOT,"GOAL by 353 Izzy McMahon, goal number 1 for season.",185,353,3,06:24,353,0,True,"GOAL by Team Read Izzy McMahon, goal number 1 for season.",False,1,0,1,1,,0,0,,0,0,0,1,0,,0,0,0,0,0,0,0,0,0,0,0,0,0,0,0,0,0,,0,0,0,0,0,1,0,393,1,True
2023,419,2,419,110,DC,Draw control by 353 Lindsey McKone.,181,353,3,06:24,353,1,True,Draw control by Team Read Lindsey McKone.,False,0,0,0,0,,0,0,,0,0,0,,0,,0,0,0,0,0,0,0,0,0,0,0,1,1,0,1,0,0,,0,0,0,0,0,0,0,,0,False
2023,419,2,419,111,SHOT,"GOAL by 353 Izzy McMahon, goal number 2 for season.",185,353,3,05:45,353,1,True,"GOAL by Team Read Izzy McMahon, goal number 2 for season.",False,1,0,1,1,,0,0,,0,0,0,1,0,,0,0,0,0,0,0,0,0,0,0,0,0,0,0,0,0,0,,0,0,0,0,0,1,0,393,1,True
2023,419,2,419,112,DC,Draw control by 353 Ally Kennedy.,174,353,3,05:45,353,2,True,Draw control by Team Read Ally Kennedy.,False,0,0,0,0,,0,0,,0,0,0,,0,,0,0,0,0,0,0,0,0,0,0,0,1,1,0,1,0,0,,0,0,0,0,0,0,0,,0,False
2023,419,2,419,113,2PTR,2-point Shot by 353 Izzy McMahon WIDE.,185,353,3,05:31,353,2,True,2-point Shot by Team Read Izzy McMahon WIDE.,False,0,0,1,0,,0,0,,0,0,0,,0,,0,0,0,0,0,0,0,0,0,0,0,0,0,0,0,0,0,,0,0,0,0,0,0,0,393,0,False
2023,419,2,419,114,SHOT,Shot by 353 Scottie Rose Growney WIDE.,402,353,3,05:03,353,2,True,Shot by Team Read Scottie Rose Growney WIDE.,False,0,0,1,0,,0,0,,0,0,0,,0,,0,0,0,0,0,0,0,0,0,0,0,0,0,0,0,0,0,,0,0,0,0,0,0,0,393,0,False
2023,419,2,419,115,TURN,Turnover by 353 Ally Kennedy (caused by Taylor Moreno).,174,353,3,04:49,353,2,True,Turnover by Team Read Ally Kennedy (caused by Taylor Moreno).,False,0,0,0,0,,0,0,,0,0,0,,0,,0,0,0,0,0,0,0,0,0,0,0,0,0,0,0,1,1,393,0,0,0,0,0,0,0,,0,False
2023,419,2,419,116,GB,Ground ball pickup by 350 Taylor Moreno.,393,350,3,04:43,353,2,True,Ground ball pickup by Team Moreno Taylor Moreno.,False,0,0,0,0,,0,0,,0,0,0,,0,,0,0,0,0,0,0,0,0,0,0,0,0,0,1,0,0,0,,0,0,0,0,0,0,0,,0,False
2023,419,2,419,117,CLEAR,Clear attempt by 350 good.,,350,3,04:40,353,2,True,Clear attempt by Team Moreno good.,False,0,0,0,0,,1,0,,0,0,0,,0,,0,0,0,0,0,0,0,0,0,0,0,0,0,0,0,0,0,,0,0,0,0,0,0,0,,0,False
2023,419,2,419,118,GC,Green card on 353 Kylie Ohlmiller.,,353,3,04:40,353,2,True,Green card on Team Read Kylie Ohlmiller.,False,0,0,0,0,,0,0,,0,0,0,,0,,0,0,0,0,0,0,0,0,0,0,0,0,0,0,0,0,0,,0,0,0,0,0,0,0,,0,False
2023,419,2,419,120,SHOT,"GOAL by 350 Sammy Jo Tracy (MAN-UP), Assist by Kenzie Kent, goal number 1 for season.",95,350,3,04:18,353,2,True,"GOAL by Team Moreno Sammy Jo Tracy (MAN-UP), Assist by Kenzie Kent, goal number 1 for season.",False,1,1,1,1,133,0,0,,0,1,0,0,0,,0,0,0,0,0,0,0,0,0,0,0,0,0,0,0,0,0,,0,0,0,0,0,1,0,137,1,True
2023,419,2,419,121,DC,Draw control by 350 Kenzie Kent.,133,350,3,04:18,353,2,True,Draw control by Team Moreno Kenzie Kent.,False,0,0,0,0,,0,0,,0,0,0,,0,,0,0,0,0,0,0,0,0,0,0,0,1,1,0,1,0,0,,0,0,0,0,0,0,0,,0,False
2023,419,2,419,122,FOUL,Foul on 353 Erica Evans.,689,353,3,04:18,353,2,True,Foul on Team Read Erica Evans.,False,0,0,0,0,,0,0,,0,0,0,,0,,0,0,0,0,0,0,0,0,0,0,1,0,0,0,0,0,0,,0,0,0,0,0,0,0,,0,False
2023,419,2,419,123,FPA,Free position attempt for 350.,,350,3,03:35,353,2,True,Free position attempt for Team Moreno.,False,0,0,0,0,,0,0,,0,0,0,,0,,0,0,0,0,0,0,0,0,0,0,0,0,0,0,0,0,0,,0,0,0,0,0,0,0,,0,False
2023,419,2,419,124,FPS,"GOAL by 350 Amy Moreau (FPGOAL) {free position shot}, goal number 1 for season.",696,350,3,03:32,353,2,True,"GOAL by Team Moreno Amy Moreau (FPGOAL) {free position shot}, goal number 1 for season.",False,1,0,1,1,,0,0,,0,0,0,1,0,,0,0,0,0,0,0,0,0,0,0,0,0,0,0,0,0,0,,0,0,0,0,0,1,0,137,1,True
2023,419,2,419,125,DC,Draw control by 353 Lizzie Colson.,300,353,3,03:32,353,2,True,Draw control by Team Read Lizzie Colson.,False,0,0,0,0,,0,0,,0,0,0,,0,,0,0,0,0,0,0,0,0,0,0,0,1,1,0,1,0,0,,0,0,0,0,0,0,0,,0,False
2023,419,2,419,126,SHOT,Shot by 353 Izzy McMahon WIDE.,185,353,3,02:53,353,2,True,Shot by Team Read Izzy McMahon WIDE.,False,0,0,1,0,,0,0,,0,0,0,,0,,0,0,0,0,0,0,0,0,0,0,0,0,0,0,0,0,0,,0,0,0,0,0,0,0,393,0,False
2023,419,2,419,127,SHOT,Shot by 353 Kylie Ohlmiller WIDE.,152,353,3,02:28,353,2,True,Shot by Team Read Kylie Ohlmiller WIDE.,False,0,0,1,0,,0,0,,0,0,0,,0,,0,0,0,0,0,0,0,0,0,0,0,0,0,0,0,0,0,,0,0,0,0,0,0,0,393,0,False
2023,419,2,419,128,CLOCKV,Shot clock violation by 353.,,353,3,02:23,353,2,True,Shot clock violation by Team Read.,False,0,0,0,0,,0,0,,0,0,0,,0,,0,0,0,0,1,0,0,0,0,0,0,0,0,0,0,0,0,,0,0,0,0,0,0,0,,0,False
2023,419,2,419,129,FOUL,Foul on 353 Andie Aldave.,523,353,3,02:23,353,2,True,Foul on Team Read Andie Aldave.,False,0,0,0,0,,0,0,,0,0,0,,0,,0,0,0,0,0,0,0,0,0,0,1,0,0,0,0,0,0,,0,0,0,0,0,0,0,,0,False
2023,419,2,419,130,CLEAR,Clear attempt by 350 good.,,350,3,01:52,353,2,True,Clear attempt by Team Moreno good.,False,0,0,0,0,,1,0,,0,0,0,,0,,0,0,0,0,0,0,0,0,0,0,0,0,0,0,0,0,0,,0,0,0,0,0,0,0,,0,False
2023,419,2,419,131,SHOT,"Shot by 350 Cortney Fortunato, SAVE Britt Read.",98,350,3,01:30,353,2,True,"Shot by Team Moreno Cortney Fortunato, SAVE Britt Read.",False,0,0,1,1,,0,0,,0,0,0,,0,,0,0,0,0,0,0,0,0,0,0,0,0,0,0,0,0,0,,0,0,0,0,0,0,1,137,1,False
2023,419,2,419,132,GB,Ground ball pickup by 350 Amy Moreau.,696,350,3,01:22,353,2,True,Ground ball pickup by Team Moreno Amy Moreau.,False,0,0,0,0,,0,0,,0,0,0,,0,,0,0,0,0,0,0,0,0,0,0,0,0,0,1,0,0,0,,0,0,0,0,0,0,0,,0,False
2023,419,2,419,133,FOUL,Foul on 353 Ally Kennedy.,174,353,3,01:22,353,2,True,Foul on Team Read Ally Kennedy.,False,0,0,0,0,,0,0,,0,0,0,,0,,0,0,0,0,0,0,0,0,0,0,1,0,0,0,0,0,0,,0,0,0,0,0,0,0,,0,False
2023,419,2,419,134,FPA,Free position attempt for 350.,,350,3,01:22,353,2,True,Free position attempt for Team Moreno.,False,0,0,0,0,,0,0,,0,0,0,,0,,0,0,0,0,0,0,0,0,0,0,0,0,0,0,0,0,0,,0,0,0,0,0,0,0,,0,False
2023,419,2,419,135,FPS,"GOAL by 350 Amy Moreau (FPGOAL) {free position shot}, goal number 2 for season.",696,350,3,01:16,353,2,True,"GOAL by Team Moreno Amy Moreau (FPGOAL) {free position shot}, goal number 2 for season.",False,1,0,1,1,,0,0,,0,0,0,1,0,,0,0,0,0,0,0,0,0,0,0,0,0,0,0,0,0,0,,0,0,0,0,0,1,0,137,1,True
2023,419,2,419,136,DC,Draw control by 353 Andie Aldave.,523,353,3,01:16,353,2,True,Draw control by Team Read Andie Aldave.,False,0,0,0,0,,0,0,,0,0,0,,0,,0,0,0,0,0,0,0,0,0,0,0,1,1,0,1,0,0,,0,0,0,0,0,0,0,,0,False
2023,419,2,419,137,SHOT,Shot by 353 Izzy McMahon WIDE.,185,353,3,00:44,353,2,True,Shot by Team Read Izzy McMahon WIDE.,False,0,0,1,0,,0,0,,0,0,0,,0,,0,0,0,0,0,0,0,0,0,0,0,0,0,0,0,0,0,,0,0,0,0,0,0,0,393,0,False
2023,419,2,419,138,TURN,Turnover by 353 Izzy McMahon.,185,353,3,00:32,353,2,True,Turnover by Team Read Izzy McMahon.,False,0,0,0,0,,0,0,,0,0,0,,0,,0,0,0,0,0,0,0,0,0,0,0,0,0,0,0,0,1,,0,0,0,0,0,0,0,,0,False
2023,419,2,419,139,CLEAR,Clear attempt by 350 good.,,350,3,00:26,353,2,True,Clear attempt by Team Moreno good.,False,0,0,0,0,,1,0,,0,0,0,,0,,0,0,0,0,0,0,0,0,0,0,0,0,0,0,0,0,0,,0,0,0,0,0,0,0,,0,False
2023,419,2,419,142,DC,Draw control by 353 Ally Kennedy.,174,353,4,10:00,353,0,True,Draw control by Team Read Ally Kennedy.,False,0,0,0,0,,0,0,,0,0,0,,0,,0,0,0,0,0,0,0,0,0,0,0,1,1,0,1,0,0,,0,0,0,0,0,0,0,,0,False
2023,419,2,419,143,SHOT,"Shot by 353 Andie Aldave, SAVE Taylor Moreno.",523,353,4,09:30,353,0,True,"Shot by Team Read Andie Aldave, SAVE Taylor Moreno.",False,0,0,1,1,,0,0,,0,0,0,,0,,0,0,0,0,0,0,0,0,0,0,0,0,0,0,0,0,0,,0,0,0,0,0,0,1,393,1,False
2023,419,2,419,144,TURN,Turnover by 353 (caused by Taylor Moreno).,,353,4,09:13,353,0,True,Turnover by Team Read (caused by Taylor Moreno).,False,0,0,0,0,,0,0,,0,0,0,,0,,0,0,0,0,0,0,0,0,0,0,0,0,0,0,0,1,1,393,0,0,0,0,0,0,0,,0,False
2023,419,2,419,145,CLEAR,Clear attempt by 350 good.,,350,4,08:49,353,0,True,Clear attempt by Team Moreno good.,False,0,0,0,0,,1,0,,0,0,0,,0,,0,0,0,0,0,0,0,0,0,0,0,0,0,0,0,0,0,,0,0,0,0,0,0,0,,0,False
2023,419,2,419,146,TURN,Turnover by 350 Kenzie Kent.,133,350,4,08:24,353,0,True,Turnover by Team Moreno Kenzie Kent.,False,0,0,0,0,,0,0,,0,0,0,,0,,0,0,0,0,0,0,0,0,0,0,0,0,0,0,0,0,1,,0,0,0,0,0,0,0,,0,False
2023,419,2,419,147,CLEAR,Clear attempt by 353 good.,,353,4,08:14,353,0,True,Clear attempt by Team Read good.,False,0,0,0,0,,1,0,,0,0,0,,0,,0,0,0,0,0,0,0,0,0,0,0,0,0,0,0,0,0,,0,0,0,0,0,0,0,,0,False
2023,419,2,419,148,2PTR,"2-point Shot by 353 Lizzie Colson, SAVE Taylor Moreno.",300,353,4,07:40,353,0,True,"2-point Shot by Team Read Lizzie Colson, SAVE Taylor Moreno.",False,0,0,1,1,,0,0,,0,0,0,,0,,0,0,0,0,0,0,0,0,0,0,0,0,0,0,0,0,0,,0,0,0,0,0,0,1,393,1,False
2023,419,2,419,149,GB,Ground ball pickup by 350 Caroline Wakefield.,177,350,4,07:36,353,0,True,Ground ball pickup by Team Moreno Caroline Wakefield.,False,0,0,0,0,,0,0,,0,0,0,,0,,0,0,0,0,0,0,0,0,0,0,0,0,0,1,0,0,0,,0,0,0,0,0,0,0,,0,False
2023,419,2,419,150,CLEAR,Clear attempt by 350 good.,,350,4,07:30,353,0,True,Clear attempt by Team Moreno good.,False,0,0,0,0,,1,0,,0,0,0,,0,,0,0,0,0,0,0,0,0,0,0,0,0,0,0,0,0,0,,0,0,0,0,0,0,0,,0,False
2023,419,2,419,151,SHOT,"Shot by 350 Marie McCool, SAVE Britt Read.",155,350,4,07:18,353,0,True,"Shot by Team Moreno Marie McCool, SAVE Britt Read.",False,0,0,1,1,,0,0,,0,0,0,,0,,0,0,0,0,0,0,0,0,0,0,0,0,0,0,0,0,0,,0,0,0,0,0,0,1,137,1,False
2023,419,2,419,152,CLEAR,Clear attempt by 353 good.,,353,4,07:08,353,0,True,Clear attempt by Team Read good.,False,0,0,0,0,,1,0,,0,0,0,,0,,0,0,0,0,0,0,0,0,0,0,0,0,0,0,0,0,0,,0,0,0,0,0,0,0,,0,False
2023,419,2,419,153,SHOT,"GOAL by 353 Izzy McMahon, goal number 3 for season.",185,353,4,06:43,353,0,True,"GOAL by Team Read Izzy McMahon, goal number 3 for season.",False,1,0,1,1,,0,0,,0,0,0,1,0,,0,0,0,0,0,0,0,0,0,0,0,0,0,0,0,0,0,,0,0,0,0,0,1,0,393,1,True
2023,419,2,419,154,DC,Draw control by 353 Ally Kennedy.,174,353,4,06:43,353,3,True,Draw control by Team Read Ally Kennedy.,False,0,0,0,0,,0,0,,0,0,0,,0,,0,0,0,0,0,0,0,0,0,0,0,1,1,0,1,0,0,,0,0,0,0,0,0,0,,0,False
2023,419,2,419,155,FOUL,Foul on 350 Caroline Wakefield.,177,350,4,06:43,353,3,True,Foul on Team Moreno Caroline Wakefield.,False,0,0,0,0,,0,0,,0,0,0,,0,,0,0,0,0,0,0,0,0,0,0,1,0,0,0,0,0,0,,0,0,0,0,0,0,0,,0,False
2023,419,2,419,156,SHOT,Shot by 353 Erica Evans BLOCKED.,689,353,4,06:08,353,3,True,Shot by Team Read Erica Evans BLOCKED.,False,0,0,1,0,,0,0,,0,0,0,,0,,0,0,0,0,0,0,0,0,0,0,0,0,0,0,0,0,0,,0,0,0,0,0,0,0,393,0,False
2023,419,2,419,157,SHOT,Shot by 353 Ally Kennedy WIDE.,174,353,4,05:59,353,3,True,Shot by Team Read Ally Kennedy WIDE.,False,0,0,1,0,,0,0,,0,0,0,,0,,0,0,0,0,0,0,0,0,0,0,0,0,0,0,0,0,0,,0,0,0,0,0,0,0,393,0,False
2023,419,2,419,158,TURN,Turnover by 353 Lizzie Colson (caused by Haley Warden).,300,353,4,05:47,353,3,True,Turnover by Team Read Lizzie Colson (caused by Haley Warden).,False,0,0,0,0,,0,0,,0,0,0,,0,,0,0,0,0,0,0,0,0,0,0,0,0,0,0,0,1,1,100,0,0,0,0,0,0,0,,0,False
2023,419,2,419,159,GB,Ground ball pickup by 350 Haley Warden.,100,350,4,05:42,353,3,True,Ground ball pickup by Team Moreno Haley Warden.,False,0,0,0,0,,0,0,,0,0,0,,0,,0,0,0,0,0,0,0,0,0,0,0,0,0,1,0,0,0,,0,0,0,0,0,0,0,,0,False
2023,419,2,419,160,CLEAR,Clear attempt by 350 good.,,350,4,05:37,353,3,True,Clear attempt by Team Moreno good.,False,0,0,0,0,,1,0,,0,0,0,,0,,0,0,0,0,0,0,0,0,0,0,0,0,0,0,0,0,0,,0,0,0,0,0,0,0,,0,False
2023,419,2,419,161,TURN,Turnover by 350 Nicole Levy (caused by Britt Read).,182,350,4,05:29,353,3,True,Turnover by Team Moreno Nicole Levy (caused by Britt Read).,False,0,0,0,0,,0,0,,0,0,0,,0,,0,0,0,0,0,0,0,0,0,0,0,0,0,0,0,1,1,137,0,0,0,0,0,0,0,,0,False
2023,419,2,419,162,GB,Ground ball pickup by 353 Kristen Carr.,156,353,4,05:23,353,3,True,Ground ball pickup by Team Read Kristen Carr.,False,0,0,0,0,,0,0,,0,0,0,,0,,0,0,0,0,0,0,0,0,0,0,0,0,0,1,0,0,0,,0,0,0,0,0,0,0,,0,False
2023,419,2,419,163,CLEAR,Clear attempt by 353 good.,,353,4,05:19,353,3,True,Clear attempt by Team Read good.,False,0,0,0,0,,1,0,,0,0,0,,0,,0,0,0,0,0,0,0,0,0,0,0,0,0,0,0,0,0,,0,0,0,0,0,0,0,,0,False
2023,419,2,419,164,SHOT,Shot by 353 Ally Kennedy WIDE.,174,353,4,05:13,353,3,True,Shot by Team Read Ally Kennedy WIDE.,False,0,0,1,0,,0,0,,0,0,0,,0,,0,0,0,0,0,0,0,0,0,0,0,0,0,0,0,0,0,,0,0,0,0,0,0,0,393,0,False
2023,419,2,419,165,GB,Ground ball pickup by 350 Ally Palermo.,398,350,4,05:08,353,3,True,Ground ball pickup by Team Moreno Ally Palermo.,False,0,0,0,0,,0,0,,0,0,0,,0,,0,0,0,0,0,0,0,0,0,0,0,0,0,1,0,0,0,,0,0,0,0,0,0,0,,0,False
2023,419,2,419,166,CLEAR,Clear attempt by 350 good.,,350,4,04:59,353,3,True,Clear attempt by Team Moreno good.,False,0,0,0,0,,1,0,,0,0,0,,0,,0,0,0,0,0,0,0,0,0,0,0,0,0,0,0,0,0,,0,0,0,0,0,0,0,,0,False
2023,419,2,419,167,TURN,Turnover by 350 Sammy Jo Tracy.,95,350,4,04:35,353,3,True,Turnover by Team Moreno Sammy Jo Tracy.,False,0,0,0,0,,0,0,,0,0,0,,0,,0,0,0,0,0,0,0,0,0,0,0,0,0,0,0,0,1,,0,0,0,0,0,0,0,,0,False
2023,419,2,419,169,CLEAR,Clear attempt by 353 good.,,353,4,04:29,353,3,True,Clear attempt by Team Read good.,False,0,0,0,0,,1,0,,0,0,0,,0,,0,0,0,0,0,0,0,0,0,0,0,0,0,0,0,0,0,,0,0,0,0,0,0,0,,0,False
2023,419,2,419,170,2PTR,"2-point Shot by 353 Izzy McMahon, SAVE Taylor Moreno.",185,353,4,04:07,353,3,True,"2-point Shot by Team Read Izzy McMahon, SAVE Taylor Moreno.",False,0,0,1,1,,0,0,,0,0,0,,0,,0,0,0,0,0,0,0,0,0,0,0,0,0,0,0,0,0,,0,0,0,0,0,0,1,393,1,False
2023,419,2,419,171,CLEAR,Clear attempt by 350 good.,,350,4,04:01,353,3,True,Clear attempt by Team Moreno good.,False,0,0,0,0,,1,0,,0,0,0,,0,,0,0,0,0,0,0,0,0,0,0,0,0,0,0,0,0,0,,0,0,0,0,0,0,0,,0,False
2023,419,2,419,172,TURN,Turnover by 350 Marie McCool (caused by Meg Douty).,155,350,4,03:17,353,3,True,Turnover by Team Moreno Marie McCool (caused by Meg Douty).,False,0,0,0,0,,0,0,,0,0,0,,0,,0,0,0,0,0,0,0,0,0,0,0,0,0,0,0,1,1,124,0,0,0,0,0,0,0,,0,False
2023,419,2,419,173,GB,Ground ball pickup by 353 Kristen Carr.,156,353,4,03:13,353,3,True,Ground ball pickup by Team Read Kristen Carr.,False,0,0,0,0,,0,0,,0,0,0,,0,,0,0,0,0,0,0,0,0,0,0,0,0,0,1,0,0,0,,0,0,0,0,0,0,0,,0,False
2023,419,2,419,174,CLEAR,Clear attempt by 353 good.,,353,4,03:11,353,3,True,Clear attempt by Team Read good.,False,0,0,0,0,,1,0,,0,0,0,,0,,0,0,0,0,0,0,0,0,0,0,0,0,0,0,0,0,0,,0,0,0,0,0,0,0,,0,False
2023,419,2,419,175,SHOT,"GOAL by 353 Kristen Carr, goal number 1 for season.",156,353,4,03:08,353,3,True,"GOAL by Team Read Kristen Carr, goal number 1 for season.",False,1,0,1,1,,0,0,,0,0,0,1,0,,0,0,0,0,0,0,0,0,0,0,0,0,0,0,0,0,0,,0,0,0,0,0,1,0,393,1,True
2023,419,2,419,176,DC,Draw control by 353 Andie Aldave.,523,353,4,03:08,353,4,True,Draw control by Team Read Andie Aldave.,False,0,0,0,0,,0,0,,0,0,0,,0,,0,0,0,0,0,0,0,0,0,0,0,1,1,0,1,0,0,,0,0,0,0,0,0,0,,0,False
2023,419,2,419,177,FOUL,Foul on 350 Sammy Jo Tracy.,95,350,4,03:08,353,4,True,Foul on Team Moreno Sammy Jo Tracy.,False,0,0,0,0,,0,0,,0,0,0,,0,,0,0,0,0,0,0,0,0,0,0,1,0,0,0,0,0,0,,0,0,0,0,0,0,0,,0,False
2023,419,2,419,178,TURN,Turnover by 353 Scottie Rose Growney.,402,353,4,02:50,353,4,True,Turnover by Team Read Scottie Rose Growney.,False,0,0,0,0,,0,0,,0,0,0,,0,,0,0,0,0,0,0,0,0,0,0,0,0,0,0,0,0,1,,0,0,0,0,0,0,0,,0,False
2023,419,2,419,179,GB,Ground ball pickup by 350 Ally Palermo.,398,350,4,02:46,353,4,True,Ground ball pickup by Team Moreno Ally Palermo.,False,0,0,0,0,,0,0,,0,0,0,,0,,0,0,0,0,0,0,0,0,0,0,0,0,0,1,0,0,0,,0,0,0,0,0,0,0,,0,False
2023,419,2,419,180,CLEAR,Clear attempt by 350 good.,,350,4,02:43,353,4,True,Clear attempt by Team Moreno good.,False,0,0,0,0,,1,0,,0,0,0,,0,,0,0,0,0,0,0,0,0,0,0,0,0,0,0,0,0,0,,0,0,0,0,0,0,0,,0,False
2023,419,2,419,181,TURN,Turnover by 350 Nicole Levy.,182,350,4,02:37,353,4,True,Turnover by Team Moreno Nicole Levy.,False,0,0,0,0,,0,0,,0,0,0,,0,,0,0,0,0,0,0,0,0,0,0,0,0,0,0,0,0,1,,0,0,0,0,0,0,0,,0,False
2023,419,2,419,182,CLEAR,Clear attempt by 353 good.,,353,4,02:18,353,4,True,Clear attempt by Team Read good.,False,0,0,0,0,,1,0,,0,0,0,,0,,0,0,0,0,0,0,0,0,0,0,0,0,0,0,0,0,0,,0,0,0,0,0,0,0,,0,False
2023,419,2,419,183,TURN,Turnover by 353 Kylie Ohlmiller (caused by Ally Palermo).,152,353,4,02:08,353,4,True,Turnover by Team Read Kylie Ohlmiller (caused by Ally Palermo).,False,0,0,0,0,,0,0,,0,0,0,,0,,0,0,0,0,0,0,0,0,0,0,0,0,0,0,0,1,1,398,0,0,0,0,0,0,0,,0,False
2023,419,2,419,184,GB,Ground ball pickup by 350 Sammy Jo Tracy.,95,350,4,02:03,353,4,True,Ground ball pickup by Team Moreno Sammy Jo Tracy.,False,0,0,0,0,,0,0,,0,0,0,,0,,0,0,0,0,0,0,0,0,0,0,0,0,0,1,0,0,0,,0,0,0,0,0,0,0,,0,False
2023,419,2,419,185,CLEAR,Clear attempt by 350 failed.,,350,4,01:59,353,4,True,Clear attempt by Team Moreno failed.,False,0,0,0,0,,0,1,,0,0,0,,0,,0,0,0,0,0,0,0,0,0,0,0,0,0,0,0,0,0,,0,0,0,0,0,0,0,,0,False
2023,419,2,419,186,TURN,Turnover by 350 Sammy Jo Tracy (caused by Scottie Rose Growney).,95,350,4,01:58,353,4,True,Turnover by Team Moreno Sammy Jo Tracy (caused by Scottie Rose Growney).,False,0,0,0,0,,0,0,,0,0,0,,0,,0,0,0,0,0,0,0,0,0,0,0,0,0,0,0,1,1,402,0,0,0,0,0,0,0,,0,False
2023,419,2,419,187,GB,Ground ball pickup by 353 Scottie Rose Growney.,402,353,4,01:53,353,4,True,Ground ball pickup by Team Read Scottie Rose Growney.,False,0,0,0,0,,0,0,,0,0,0,,0,,0,0,0,0,0,0,0,0,0,0,0,0,0,1,0,0,0,,0,0,0,0,0,0,0,,0,False
2023,419,2,419,188,TURN,Turnover by 353 Andie Aldave.,523,353,4,01:41,353,4,True,Turnover by Team Read Andie Aldave.,False,0,0,0,0,,0,0,,0,0,0,,0,,0,0,0,0,0,0,0,0,0,0,0,0,0,0,0,0,1,,0,0,0,0,0,0,0,,0,False
2023,419,2,419,189,CLEAR,Clear attempt by 350 failed.,,350,4,01:23,353,4,True,Clear attempt by Team Moreno failed.,False,0,0,0,0,,0,1,,0,0,0,,0,,0,0,0,0,0,0,0,0,0,0,0,0,0,0,0,0,0,,0,0,0,0,0,0,0,,0,False
2023,419,2,419,190,TURN,Turnover by 350 Sammy Jo Tracy.,95,350,4,01:20,353,4,True,Turnover by Team Moreno Sammy Jo Tracy.,False,0,0,0,0,,0,0,,0,0,0,,0,,0,0,0,0,0,0,0,0,0,0,0,0,0,0,0,0,1,,0,0,0,0,0,0,0,,0,False
2023,419,2,419,191,GB,Ground ball pickup by 353 Lindsey McKone.,181,353,4,01:18,353,4,True,Ground ball pickup by Team Read Lindsey McKone.,False,0,0,0,0,,0,0,,0,0,0,,0,,0,0,0,0,0,0,0,0,0,0,0,0,0,1,0,0,0,,0,0,0,0,0,0,0,,0,False
2023,419,2,419,192,FOUL,Foul on 350 Sammy Jo Tracy.,95,350,4,01:18,353,4,True,Foul on Team Moreno Sammy Jo Tracy.,False,0,0,0,0,,0,0,,0,0,0,,0,,0,0,0,0,0,0,0,0,0,0,1,0,0,0,0,0,0,,0,0,0,0,0,0,0,,0,False
2023,419,2,419,193,SHOT,"Shot by 353 Kylie Ohlmiller, SAVE Taylor Moreno.",152,353,4,00:51,353,4,True,"Shot by Team Read Kylie Ohlmiller, SAVE Taylor Moreno.",False,0,0,1,1,,0,0,,0,0,0,,0,,0,0,0,0,0,0,0,0,0,0,0,0,0,0,0,0,0,,0,0,0,0,0,0,1,393,1,False
2023,419,2,419,194,GB,Ground ball pickup by 350 Caroline Wakefield.,177,350,4,00:44,353,4,True,Ground ball pickup by Team Moreno Caroline Wakefield.,False,0,0,0,0,,0,0,,0,0,0,,0,,0,0,0,0,0,0,0,0,0,0,0,0,0,1,0,0,0,,0,0,0,0,0,0,0,,0,False
2023,419,2,419,195,CLEAR,Clear attempt by 350 good.,,350,4,00:39,353,4,True,Clear attempt by Team Moreno good.,False,0,0,0,0,,1,0,,0,0,0,,0,,0,0,0,0,0,0,0,0,0,0,0,0,0,0,0,0,0,,0,0,0,0,0,0,0,,0,False
